SKU|Core Deposit|CF Shipping|SBox|Available|BRANDNAME|OURPRICE|Package|SHIPPINGTYPE|Series|Product|Template_My|KeyField|Positions_MY|for_Product Name|Short_teg|Detail_teg|Metka|Finish|KeyVirt|Steps|Form|Tipo_Type|Real_Length_On_Car|With_Mesh|CF_USE|IMG_1|IMG_2|IMG_3|IMG_4|PDF_1|Icon|Price|Height|Length|Width|Weight|UPC|IN STOCK|Main Product|Vendor ID
C01100CC-GB||N||Y|RBP®|270.00||R;R;R;R|RX-1|New ReDesigned RX 1 2-RUNG GLOSS BLACK STEPS|RBP RX-1 Side Steps (New)|1|102000|Side Bars|{short description}|{detailed description}|1|Black||2-Step|Round|Gloss|||Placement on Vehicle[:=:]Left, Right[:os:]Product Name[:=:]Side Bars[:os:]Pieces[:=:]2 Pcs[:os:]FINISH[:=:]Black[:os:]MATERIAL[:=:]Stainless Steel[:os:]Shape[:=:]Round|images/rbp/side-steps/rbp-rx1-2step-side-bar.jpg|images/rbp/side-steps/rbp-universal-rx1-2-steps-side-bar-1.jpg|images/rbp/side-steps/rbp-universal-rx1-2-steps-side-bar-2.jpg|images/rbp/side-steps/rbp-universal-rx1-2-steps-side-bar-3.jpg|||302.40|10.50|129.00|13.50|88.00|||M|3
C01100CC-RX3||N||Y|RBP®|477.00||R;R;R;R|RX-3|RX3 Textured BLACK Cab Length Step|RBP RX-3 Side Steps|3|2100|Side Bars|{short description}|{detailed description}||Black|||Round|Textured|Cab Length||Placement on Vehicle[:=:]Left, Right[:os:]Vehicle Type[:=:]Truck[:os:]Product Name[:=:]Side Bars[:os:]FINISH[:=:]Black[:os:]MATERIAL[:=:]Stainless Steel[:os:]Shape[:=:]Round[:os:]Custom Order[:=:]RBP RX-3 Side Steps|images/rbp/side-steps/rbp-rx3-side-bar.jpg|images/rbp/side-steps/rbp-universal-rx3-side-bar-1.jpg|||||534.24|10.00|98.00|22.00|79.00|||M|3
C01100CC-SS||N||Y|RBP®|359.40||R;R;R;R|RX-1|New ReDesigned RX 1 2-RUNG GLOSS POLISHED SS STEPS|RBP RX-1 Side Steps (New)|1|102000|Side Bars|{short description}|{detailed description}|2|Polished||2-Step|Round|Gloss|||Placement on Vehicle[:=:]Left, Right[:os:]Product Name[:=:]Side Bars[:os:]Pieces[:=:]2 Pcs[:os:]FINISH[:=:]Polished[:os:]MATERIAL[:=:]Stainless Steel[:os:]Shape[:=:]Round|images/rbp/side-steps/rbp-rx1-2step-side-bar-ss.jpg|images/rbp/side-steps/rbp-universal-rx1-2-steps-side-bar-1-ss.jpg|images/rbp/side-steps/rbp-universal-rx1-2-steps-side-bar-2-ss.jpg|images/rbp/side-steps/rbp-universal-rx1-2-steps-side-bar-3-ss.jpg|||402.53|10.50|129.00|13.50|88.00|||M|3
C01100CC-TXR||N|Y|Y|RBP®|324.00|Y|R;R;R;R|RX-1|RX-1 - 2 Step|RBP RX-1 Side Steps (New)|1|102000|Side Bars|{short description}|{detailed description}|1|Black||2-Step|Round|Textured|||Placement on Vehicle[:=:]Left, Right[:os:]Product Name[:=:]Side Bars[:os:]Pieces[:=:]2 Pcs[:os:]FINISH[:=:]Black[:os:]MATERIAL[:=:]Stainless Steel[:os:]Shape[:=:]Round|images/rbp/side-steps/rbp-rx1-2step-side-bar.jpg|images/rbp/side-steps/rbp-universal-rx1-2-steps-side-bar-1.jpg|images/rbp/side-steps/rbp-universal-rx1-2-steps-side-bar-2.jpg|images/rbp/side-steps/rbp-universal-rx1-2-steps-side-bar-3.jpg|||362.88|10.50|129.00|13.50|88.00|||M|3
C0189CC-GB||N||Y|RBP®|270.00||R;R;R;R|RX-1|New ReDesigned RX 1 2-RUNG GLOSS BLACK STEPS|RBP RX-1 Side Steps (New)|1|102000|Side Bars|{short description}|{detailed description}|1|Black||2-Step|Round|Gloss|||Placement on Vehicle[:=:]Left, Right[:os:]Product Name[:=:]Side Bars[:os:]Pieces[:=:]2 Pcs[:os:]FINISH[:=:]Black[:os:]MATERIAL[:=:]Stainless Steel[:os:]Shape[:=:]Round|images/rbp/side-steps/rbp-rx1-2step-side-bar.jpg|images/rbp/side-steps/rbp-universal-rx1-2-steps-side-bar-1.jpg|images/rbp/side-steps/rbp-universal-rx1-2-steps-side-bar-2.jpg|images/rbp/side-steps/rbp-universal-rx1-2-steps-side-bar-3.jpg|||302.40|10.50|114.00|13.50|76.00|||M|3
C0189CC-SS||N||Y|RBP®|359.40||R;R;R;R|RX-1|New ReDesigned RX 1 2-RUNG GLOSS POLISHED SS STEPS|RBP RX-1 Side Steps (New)|1|102000|Side Bars|{short description}|{detailed description}|2|Polished||2-Step|Round|Gloss|||Placement on Vehicle[:=:]Left, Right[:os:]Product Name[:=:]Side Bars[:os:]Pieces[:=:]2 Pcs[:os:]FINISH[:=:]Polished[:os:]MATERIAL[:=:]Stainless Steel[:os:]Shape[:=:]Round|images/rbp/side-steps/rbp-rx1-2step-side-bar-ss.jpg|images/rbp/side-steps/rbp-universal-rx1-2-steps-side-bar-1-ss.jpg|images/rbp/side-steps/rbp-universal-rx1-2-steps-side-bar-2-ss.jpg|images/rbp/side-steps/rbp-universal-rx1-2-steps-side-bar-3-ss.jpg|||402.53|10.50|114.00|13.50|76.00|||M|3
C0189CC-TXR||N||Y|RBP®|324.00||R;R;R;R|RX-1|RX-1 - 2 Step|RBP RX-1 Side Steps (New)|1|102000|Side Bars|{short description}|{detailed description}|1|Black||2-Step|Round|Textured|||Placement on Vehicle[:=:]Left, Right[:os:]Product Name[:=:]Side Bars[:os:]Pieces[:=:]2 Pcs[:os:]FINISH[:=:]Black[:os:]MATERIAL[:=:]Stainless Steel[:os:]Shape[:=:]Round|images/rbp/side-steps/rbp-rx1-2step-side-bar.jpg|images/rbp/side-steps/rbp-universal-rx1-2-steps-side-bar-1.jpg|images/rbp/side-steps/rbp-universal-rx1-2-steps-side-bar-2.jpg|images/rbp/side-steps/rbp-universal-rx1-2-steps-side-bar-3.jpg|||362.88|10.50|114.00|13.50|76.00|||M|3
C07100CC-6-TXR||N|Y|Y|RBP®|405.00|Y|R;R;R;R|RX-1|RX-1 - 3 Step|RBP RX-1 Side Steps (New)|1|102000|Side Bars|{short description 1}|{detailed description 1}||Black||3-Step|Round|Textured|||Placement on Vehicle[:=:]Left, Right[:os:]Vehicle Type[:=:]Truck[:os:]Product Name[:=:]Side Bars[:os:]Pieces[:=:]3 Pcs[:os:]FINISH[:=:]Black[:os:]MATERIAL[:=:]Stainless Steel[:os:]Shape[:=:]Round|images/rbp/side-steps/rbp-rx1-3step-side-bar.jpg|images/rbp/side-steps/rbp-universal-rx1-3-steps-side-bar-1.jpg|images/rbp/side-steps/rbp-universal-rx1-2-steps-side-bar-2.jpg|images/rbp/side-steps/rbp-universal-rx1-2-steps-side-bar-3.jpg|images/rbp/side-steps/pdf/rbp-c07100cc-6-txr-installation-instructions.pdf||453.60|10.50|110.00|13.50|47.00|||M|3
C07100CC-GB||N||Y|RBP®|270.00||R;R;R;R|RX-1|New ReDesigned RX 1 2-RUNG GLOSS BLACK STEPS|RBP RX-1 Side Steps (New)|1|102000|Side Bars|{short description}|{detailed description}|1|Black||2-Step|Round|Gloss|||Placement on Vehicle[:=:]Left, Right[:os:]Product Name[:=:]Side Bars[:os:]Pieces[:=:]2 Pcs[:os:]FINISH[:=:]Black[:os:]MATERIAL[:=:]Stainless Steel[:os:]Shape[:=:]Round|images/rbp/side-steps/rbp-rx1-2step-side-bar.jpg|images/rbp/side-steps/rbp-universal-rx1-2-steps-side-bar-1.jpg|images/rbp/side-steps/rbp-universal-rx1-2-steps-side-bar-2.jpg|images/rbp/side-steps/rbp-universal-rx1-2-steps-side-bar-3.jpg|||302.40|10.50|129.00|13.50|88.00|||M|3
C07100CC-RS3||N||Y|RBP®|717.00||R;R;R;R|RX-3|RX3 STAINLESS STEEL Cab Length Step|RBP RX-3 Side Steps|3|2100|Side Bars|{short description}|{detailed description}||Polished|||Round||Cab Length|With Chrome Mesh|Placement on Vehicle[:=:]Left, Right[:os:]Vehicle Type[:=:]Truck[:os:]Product Name[:=:]Side Bars[:os:]FINISH[:=:]Polished[:os:]MATERIAL[:=:]Stainless Steel[:os:]Shape[:=:]Round[:os:]Custom Order[:=:]RBP RX-3 Side Steps|images/rbp/side-steps/c07100cc-rs3.jpg||||||803.04|10.00|98.00|22.00|79.00|||M|3
C07100CC-RW3||N||Y|RBP®|||R;R;R;R|RX-3|RX3 Textured BLACK WTW Step w/3rd Step)|RBP RX-3 Side Steps|3|2100|Side Bars|{short description}|{detailed description}||Black||3-Step|Round|Textured|Wheel To Wheel||Placement on Vehicle[:=:]Left, Right[:os:]Vehicle Type[:=:]Truck[:os:]Product Name[:=:]Side Bars[:os:]FINISH[:=:]Black[:os:]MATERIAL[:=:]Stainless Steel[:os:]Shape[:=:]Round[:os:]Custom Order[:=:]RBP RX-3 Side Steps|images/no-image.jpg|||||||10.50|129.00|13.50|88.00|||M|3
C07100CC-RX3||N||Y|RBP®|477.00||R;R;R;R|RX-3|RX3 Textured BLACK Cab Length Step|RBP RX-3 Side Steps|3|2100|Side Bars|{short description}|{detailed description}||Black|||Round|Textured|Cab Length||Placement on Vehicle[:=:]Left, Right[:os:]Vehicle Type[:=:]Truck[:os:]Product Name[:=:]Side Bars[:os:]FINISH[:=:]Black[:os:]MATERIAL[:=:]Stainless Steel[:os:]Shape[:=:]Round[:os:]Custom Order[:=:]RBP RX-3 Side Steps|images/rbp/side-steps/rbp-rx3-side-bar.jpg|images/rbp/side-steps/rbp-universal-rx3-side-bar-1.jpg|||||534.24|10.00|98.00|22.00|79.00|||M|3
C07100CC-SS||N||Y|RBP®|359.40||R;R;R;R|RX-1|New ReDesigned RX 1 2-RUNG GLOSS POLISHED SS STEPS|RBP RX-1 Side Steps (New)|1|102000|Side Bars|{short description}|{detailed description}|2|Polished||2-Step|Round|Gloss|||Placement on Vehicle[:=:]Left, Right[:os:]Product Name[:=:]Side Bars[:os:]Pieces[:=:]2 Pcs[:os:]FINISH[:=:]Polished[:os:]MATERIAL[:=:]Stainless Steel[:os:]Shape[:=:]Round|images/rbp/side-steps/rbp-rx1-2step-side-bar-ss.jpg|images/rbp/side-steps/rbp-universal-rx1-2-steps-side-bar-1-ss.jpg|images/rbp/side-steps/rbp-universal-rx1-2-steps-side-bar-2-ss.jpg|images/rbp/side-steps/rbp-universal-rx1-2-steps-side-bar-3-ss.jpg|||402.53|10.50|129.00|13.50|88.00|||M|3
C07100CC-TXR||N|Y|Y|RBP®|324.00|Y|R;R;R;R|RX-1|RX-1 - 2 Step|RBP RX-1 Side Steps (New)|1|102000|Side Bars|{short description}|{detailed description}|1|Black||2-Step|Round|Textured|||Placement on Vehicle[:=:]Left, Right[:os:]Product Name[:=:]Side Bars[:os:]Pieces[:=:]2 Pcs[:os:]FINISH[:=:]Black[:os:]MATERIAL[:=:]Stainless Steel[:os:]Shape[:=:]Round|images/rbp/side-steps/rbp-rx1-2step-side-bar.jpg|images/rbp/side-steps/rbp-universal-rx1-2-steps-side-bar-1.jpg|images/rbp/side-steps/rbp-universal-rx1-2-steps-side-bar-2.jpg|images/rbp/side-steps/rbp-universal-rx1-2-steps-side-bar-3.jpg|images/rbp/side-steps/pdf/rbp-c07100cc-txr-installation-instructions.pdf||362.88|10.50|129.00|13.50|88.00|||M|3
C07100QC-6-TXR||N|Y|Y|RBP®|405.00|Y|R;R;R;R|RX-1|RX-1 - 3 Step|RBP RX-1 Side Steps (New)|1|102000|Side Bars|{short description 1}|{detailed description 1}||Black||3-Step|Round|Textured|||Placement on Vehicle[:=:]Left, Right[:os:]Vehicle Type[:=:]Truck[:os:]Product Name[:=:]Side Bars[:os:]Pieces[:=:]3 Pcs[:os:]FINISH[:=:]Black[:os:]MATERIAL[:=:]Stainless Steel[:os:]Shape[:=:]Round|images/rbp/side-steps/rbp-rx1-3step-side-bar.jpg|images/rbp/side-steps/rbp-universal-rx1-3-steps-side-bar-1.jpg|images/rbp/side-steps/rbp-universal-rx1-2-steps-side-bar-2.jpg|images/rbp/side-steps/rbp-universal-rx1-2-steps-side-bar-3.jpg|images/rbp/side-steps/pdf/rbp-c07100qc-6-txr-installation-instructions.pdf||453.60|10.50|110.00|13.50|49.00|||M|3
C07105CC-6-TXR||N|Y|Y|RBP®|405.00|Y|R;R;R;R|RX-1|RX-1 - 3 Step|RBP RX-1 Side Steps (New)|1|102000|Side Bars|{short description 1}|{detailed description 1}||Black||3-Step|Round|Textured|||Placement on Vehicle[:=:]Left, Right[:os:]Vehicle Type[:=:]Truck[:os:]Product Name[:=:]Side Bars[:os:]Pieces[:=:]3 Pcs[:os:]FINISH[:=:]Black[:os:]MATERIAL[:=:]Stainless Steel[:os:]Shape[:=:]Round|images/rbp/side-steps/rbp-rx1-3step-side-bar.jpg|images/rbp/side-steps/rbp-universal-rx1-3-steps-side-bar-1.jpg|images/rbp/side-steps/rbp-universal-rx1-2-steps-side-bar-2.jpg|images/rbp/side-steps/rbp-universal-rx1-2-steps-side-bar-3.jpg|images/rbp/side-steps/pdf/rbp-c07105cc-6-txr-installation-instructions.pdf||453.60|10.50|115.00|13.50|48.00|||M|3
C07115CC-TXR||N|Y|Y|RBP®|324.00|Y|R;R;R;R|RX-1|RX-1 - 2 Step|RBP RX-1 Side Steps (New)|1|102000|Side Bars|{short description}|{detailed description}|1|Black||2-Step|Round|Textured|||Placement on Vehicle[:=:]Left, Right[:os:]Product Name[:=:]Side Bars[:os:]Pieces[:=:]2 Pcs[:os:]FINISH[:=:]Black[:os:]MATERIAL[:=:]Stainless Steel[:os:]Shape[:=:]Round|images/rbp/side-steps/rbp-rx1-2step-side-bar.jpg|images/rbp/side-steps/rbp-universal-rx1-2-steps-side-bar-1.jpg|images/rbp/side-steps/rbp-universal-rx1-2-steps-side-bar-2.jpg|images/rbp/side-steps/rbp-universal-rx1-2-steps-side-bar-3.jpg|images/rbp/side-steps/pdf/rbp-c07115cc-txr-installation-instructions.pdf||362.88|10.50|110.00|13.50|78.00|||M|3
C0789CC-GB||N||Y|RBP®|269.40||R;R;R;R|RX-1|RX-1 - 2 Step|RBP RX-1 Side Steps (New)|1|102000|Side Bars|{short description}|{detailed description}|1|Black||2-Step|Round|Gloss|||Placement on Vehicle[:=:]Left, Right[:os:]Product Name[:=:]Side Bars[:os:]Pieces[:=:]2 Pcs[:os:]FINISH[:=:]Black[:os:]MATERIAL[:=:]Stainless Steel[:os:]Shape[:=:]Round|images/rbp/side-steps/rbp-rx1-2step-side-bar.jpg|images/rbp/side-steps/rbp-universal-rx1-2-steps-side-bar-1.jpg|images/rbp/side-steps/rbp-universal-rx1-2-steps-side-bar-2.jpg|images/rbp/side-steps/rbp-universal-rx1-2-steps-side-bar-3.jpg|||301.73|10.50|115.00|13.50|84.00|||M|3
C0789CC-RS3||N||Y|RBP®|||R;R;R;R|RX-3|RX3 Stainless Steel Cab Length Step|RBP RX-3 Side Steps|3|2100|Side Bars|{short description}|{detailed description}||Polished|||Round||Cab Length|With Chrome Mesh|Placement on Vehicle[:=:]Left, Right[:os:]Vehicle Type[:=:]Truck[:os:]Product Name[:=:]Side Bars[:os:]FINISH[:=:]Polished[:os:]MATERIAL[:=:]Stainless Steel[:os:]Shape[:=:]Round[:os:]Custom Order[:=:]RBP RX-3 Side Steps||||||||10.00|98.00|22.00|79.00|||M|3
C0789CC-RW3||N||N|RBP®|||R;R;R;R|RX-3|RX3 Textured BLACK WTW Step w/3rd Step)|RBP RX-3 Side Steps|3|2100|Side Bars|{short description}|{detailed description}||Black||3-Step|Round|Textured|Wheel To Wheel||Placement on Vehicle[:=:]Left, Right[:os:]Vehicle Type[:=:]Truck[:os:]Product Name[:=:]Side Bars[:os:]FINISH[:=:]Black[:os:]MATERIAL[:=:]Stainless Steel[:os:]Shape[:=:]Round[:os:]Custom Order[:=:]RBP RX-3 Side Steps|images/no-image.jpg|||||||10.50|115.00|13.50|84.00|||M|3
C0789CC-RX3||N||Y|RBP®|477.00||R;R;R;R|RX-3|RX3 Textured BLACK Cab Length Step|RBP RX-3 Side Steps|3|2100|Side Bars|{short description}|{detailed description}||Black|||Round|Textured|Cab Length||Placement on Vehicle[:=:]Left, Right[:os:]Vehicle Type[:=:]Truck[:os:]Product Name[:=:]Side Bars[:os:]FINISH[:=:]Black[:os:]MATERIAL[:=:]Stainless Steel[:os:]Shape[:=:]Round[:os:]Custom Order[:=:]RBP RX-3 Side Steps|images/rbp/side-steps/rbp-rx3-side-bar.jpg|images/rbp/side-steps/rbp-universal-rx3-side-bar-1.jpg|||||534.24|10.00|98.00|22.00|79.00|||M|3
C0789CC-SS||N||Y|RBP®|359.40||R;R;R;R|RX-1|RX-1 - 2 Step|RBP RX-1 Side Steps (New)|1|102000|Side Bars|{short description}|{detailed description}|2|Polished||2-Step|Round||||Placement on Vehicle[:=:]Left, Right[:os:]Product Name[:=:]Side Bars[:os:]Pieces[:=:]2 Pcs[:os:]FINISH[:=:]Polished[:os:]MATERIAL[:=:]Stainless Steel[:os:]Shape[:=:]Round|images/rbp/side-steps/rbp-rx1-2step-side-bar-ss.jpg|images/rbp/side-steps/rbp-universal-rx1-2-steps-side-bar-1-ss.jpg|images/rbp/side-steps/rbp-universal-rx1-2-steps-side-bar-2-ss.jpg|images/rbp/side-steps/rbp-universal-rx1-2-steps-side-bar-3-ss.jpg|||402.53|10.50|115.00|13.50|84.00|||M|3
C0789CC-TXR||N||Y|RBP®|324.00||R;R;R;R|RX-1|RX-1 - 2 Step|RBP RX-1 Side Steps (New)|1|102000|Side Bars|{short description}|{detailed description}|1|Black||2-Step|Round|Textured|||Placement on Vehicle[:=:]Left, Right[:os:]Product Name[:=:]Side Bars[:os:]Pieces[:=:]2 Pcs[:os:]FINISH[:=:]Black[:os:]MATERIAL[:=:]Stainless Steel[:os:]Shape[:=:]Round|images/rbp/side-steps/rbp-rx1-2step-side-bar.jpg|images/rbp/side-steps/rbp-universal-rx1-2-steps-side-bar-1.jpg|images/rbp/side-steps/rbp-universal-rx1-2-steps-side-bar-2.jpg|images/rbp/side-steps/rbp-universal-rx1-2-steps-side-bar-3.jpg|images/rbp/side-steps/pdf/rbp-c0789cc-txr-installation-instructions.pdf||362.88|10.50|115.00|13.50|84.00|||M|3
C0789QC-GB||N||Y|RBP®|270.00||R;R;R;R|RX-1|New ReDesigned RX 1 2-RUNG GLOSS BLACK STEPS|RBP RX-1 Side Steps (New)|1|102000|Side Bars|{short description}|{detailed description}|1|Black||2-Step|Round|Gloss|||Placement on Vehicle[:=:]Left, Right[:os:]Product Name[:=:]Side Bars[:os:]Pieces[:=:]2 Pcs[:os:]FINISH[:=:]Black[:os:]MATERIAL[:=:]Stainless Steel[:os:]Shape[:=:]Round|images/rbp/side-steps/rbp-rx1-2step-side-bar.jpg|images/rbp/side-steps/rbp-universal-rx1-2-steps-side-bar-1.jpg|images/rbp/side-steps/rbp-universal-rx1-2-steps-side-bar-2.jpg|images/rbp/side-steps/rbp-universal-rx1-2-steps-side-bar-3.jpg|||302.40|10.50|110.00|13.50|78.00|||M|3
C0789QC-RX3||N||Y|RBP®|477.00||R;R;R;R|RX-3|RX3 Textured BLACK Cab Length Step|RBP RX-3 Side Steps|3|2100|Side Bars|{short description}|{detailed description}||Black|||Round|Textured|Cab Length||Placement on Vehicle[:=:]Left, Right[:os:]Vehicle Type[:=:]Truck[:os:]Product Name[:=:]Side Bars[:os:]FINISH[:=:]Black[:os:]MATERIAL[:=:]Stainless Steel[:os:]Shape[:=:]Round[:os:]Custom Order[:=:]RBP RX-3 Side Steps|images/rbp/side-steps/rbp-rx3-side-bar.jpg|images/rbp/side-steps/rbp-universal-rx3-side-bar-1.jpg|||||534.24|10.00|98.00|22.00|79.00|||M|3
C0789QC-SS||N||Y|RBP®|359.40||R;R;R;R|RX-1|New ReDesigned RX 1 2-RUNG GLOSS POLISHED SS STEPS|RBP RX-1 Side Steps (New)|1|102000|Side Bars|{short description}|{detailed description}|2|Polished||2-Step|Round|Gloss|||Placement on Vehicle[:=:]Left, Right[:os:]Product Name[:=:]Side Bars[:os:]Pieces[:=:]2 Pcs[:os:]FINISH[:=:]Polished[:os:]MATERIAL[:=:]Stainless Steel[:os:]Shape[:=:]Round|images/rbp/side-steps/rbp-rx1-2step-side-bar-ss.jpg|images/rbp/side-steps/rbp-universal-rx1-2-steps-side-bar-1-ss.jpg|images/rbp/side-steps/rbp-universal-rx1-2-steps-side-bar-2-ss.jpg|images/rbp/side-steps/rbp-universal-rx1-2-steps-side-bar-3-ss.jpg|||402.53|10.50|110.00|13.50|78.00|||M|3
C0789QC-TXR||N||Y|RBP®|324.00||R;R;R;R|RX-1|RX-1 - 2 Step|RBP RX-1 Side Steps (New)|1|102000|Side Bars|{short description}|{detailed description}|1|Black||2-Step|Round|Textured|||Placement on Vehicle[:=:]Left, Right[:os:]Product Name[:=:]Side Bars[:os:]Pieces[:=:]2 Pcs[:os:]FINISH[:=:]Black[:os:]MATERIAL[:=:]Stainless Steel[:os:]Shape[:=:]Round|images/rbp/side-steps/rbp-rx1-2step-side-bar.jpg|images/rbp/side-steps/rbp-universal-rx1-2-steps-side-bar-1.jpg|images/rbp/side-steps/rbp-universal-rx1-2-steps-side-bar-2.jpg|images/rbp/side-steps/rbp-universal-rx1-2-steps-side-bar-3.jpg|images/rbp/side-steps/pdf/rbp-c0789qc-txr-installation-instructions.pdf||362.88|10.50|110.00|13.50|78.00|||M|3
C0790CC-RW3||N||Y|RBP®|717.00||R;R;R;R|RX-3|RX3 Textured Black WTW Step w/3rd Step)|RBP RX-3 Side Steps|3|2100|Side Bars|{short description}|{detailed description}||Black||3-Step|Round|Textured|Wheel To Wheel||Placement on Vehicle[:=:]Left, Right[:os:]Vehicle Type[:=:]Truck[:os:]Product Name[:=:]Side Bars[:os:]FINISH[:=:]Black[:os:]MATERIAL[:=:]Stainless Steel[:os:]Shape[:=:]Round[:os:]Custom Order[:=:]RBP RX-3 Side Steps|images/no-image.jpg||||||803.04|12.00|110.00|13.50|86.00|||M|3
C11100CC-GB||N|Y|Y|RBP®|269.40|Y|R;R;R;R|RX-1|RX-1 - 2 Step|RBP RX-1 Side Steps (New)|1|102000|Side Bars|{short description}|{detailed description}|1|Black||2-Step|Round|Gloss|||Placement on Vehicle[:=:]Left, Right[:os:]Product Name[:=:]Side Bars[:os:]Pieces[:=:]2 Pcs[:os:]FINISH[:=:]Black[:os:]MATERIAL[:=:]Stainless Steel[:os:]Shape[:=:]Round|images/rbp/side-steps/rbp-rx1-2step-side-bar.jpg|images/rbp/side-steps/rbp-universal-rx1-2-steps-side-bar-1.jpg|images/rbp/side-steps/rbp-universal-rx1-2-steps-side-bar-2.jpg|images/rbp/side-steps/rbp-universal-rx1-2-steps-side-bar-3.jpg|||301.73|10.50|115.00|13.50|84.00|||M|3
C11100CC-SS||N|Y|Y|RBP®|359.40|Y|R;R;R;R|RX-1|RX-1 - 2 Step|RBP RX-1 Side Steps (New)|1|102000|Side Bars|{short description}|{detailed description}|2|Polished||2-Step|Round||||Placement on Vehicle[:=:]Left, Right[:os:]Product Name[:=:]Side Bars[:os:]Pieces[:=:]2 Pcs[:os:]FINISH[:=:]Polished[:os:]MATERIAL[:=:]Stainless Steel[:os:]Shape[:=:]Round|images/rbp/side-steps/rbp-rx1-2step-side-bar-ss.jpg|images/rbp/side-steps/rbp-universal-rx1-2-steps-side-bar-1-ss.jpg|images/rbp/side-steps/rbp-universal-rx1-2-steps-side-bar-2-ss.jpg|images/rbp/side-steps/rbp-universal-rx1-2-steps-side-bar-3-ss.jpg|||402.53|10.50|115.00|13.50|84.00|||M|3
C11100CC-TXR||N|Y|Y|RBP®|324.00|Y|R;R;R;R|RX-1|RX-1 - 2 Step|RBP RX-1 Side Steps (New)|1|102000|Side Bars|{short description}|{detailed description}|1|Black||2-Step|Round|Textured|||Placement on Vehicle[:=:]Left, Right[:os:]Product Name[:=:]Side Bars[:os:]Pieces[:=:]2 Pcs[:os:]FINISH[:=:]Black[:os:]MATERIAL[:=:]Stainless Steel[:os:]Shape[:=:]Round|images/rbp/side-steps/rbp-rx1-2step-side-bar.jpg|images/rbp/side-steps/rbp-universal-rx1-2-steps-side-bar-1.jpg|images/rbp/side-steps/rbp-universal-rx1-2-steps-side-bar-2.jpg|images/rbp/side-steps/rbp-universal-rx1-2-steps-side-bar-3.jpg|||362.88|10.50|115.00|13.50|84.00|||M|3
C11100QC-6-TXR||N|Y|Y|RBP®|405.00|Y|R;R;R;R|RX-1|RX-1 - 3 Step|RBP RX-1 Side Steps (New)|1|102000|Side Bars|{short description 1}|{detailed description 1}||Black||3-Step|Round|Textured|||Placement on Vehicle[:=:]Left, Right[:os:]Vehicle Type[:=:]Truck[:os:]Product Name[:=:]Side Bars[:os:]Pieces[:=:]3 Pcs[:os:]FINISH[:=:]Black[:os:]MATERIAL[:=:]Stainless Steel[:os:]Shape[:=:]Round|images/rbp/side-steps/rbp-rx1-3step-side-bar.jpg|images/rbp/side-steps/rbp-universal-rx1-3-steps-side-bar-1.jpg|images/rbp/side-steps/rbp-universal-rx1-2-steps-side-bar-2.jpg|images/rbp/side-steps/rbp-universal-rx1-2-steps-side-bar-3.jpg|||453.60|10.50|110.00|13.50|50.00|||M|3
C11105CC-6-TXR||N|Y|Y|RBP®|405.00|Y|R;R;R;R|RX-1|RX-1 - 3 Step|RBP RX-1 Side Steps (New)|1|102000|Side Bars|{short description 1}|{detailed description 1}||Black||3-Step|Round|Textured|||Placement on Vehicle[:=:]Left, Right[:os:]Vehicle Type[:=:]Truck[:os:]Product Name[:=:]Side Bars[:os:]Pieces[:=:]3 Pcs[:os:]FINISH[:=:]Black[:os:]MATERIAL[:=:]Stainless Steel[:os:]Shape[:=:]Round|images/rbp/side-steps/rbp-rx1-3step-side-bar.jpg|images/rbp/side-steps/rbp-universal-rx1-3-steps-side-bar-1.jpg|images/rbp/side-steps/rbp-universal-rx1-2-steps-side-bar-2.jpg|images/rbp/side-steps/rbp-universal-rx1-2-steps-side-bar-3.jpg|||453.60|10.50|115.00|13.50|51.00|||M|3
C1189QC-GB||N||Y|RBP®|270.00||R;R;R;R|RX-1|New ReDesigned RX 1 2-RUNG GLOSS BLACK STEPS|RBP RX-1 Side Steps (New)|1|102000|Side Bars|{short description}|{detailed description}|1|Black||2-Step|Round|Gloss|||Placement on Vehicle[:=:]Left, Right[:os:]Product Name[:=:]Side Bars[:os:]Pieces[:=:]2 Pcs[:os:]FINISH[:=:]Black[:os:]MATERIAL[:=:]Stainless Steel[:os:]Shape[:=:]Round|images/rbp/side-steps/rbp-rx1-2step-side-bar.jpg|images/rbp/side-steps/rbp-universal-rx1-2-steps-side-bar-1.jpg|images/rbp/side-steps/rbp-universal-rx1-2-steps-side-bar-2.jpg|images/rbp/side-steps/rbp-universal-rx1-2-steps-side-bar-3.jpg|||302.40|10.50|110.00|13.50|78.00|||M|3
C1189QC-SS||N||Y|RBP®|359.40||R;R;R;R|RX-1|New ReDesigned RX 1 2-RUNG GLOSS POLISHED SS STEPS|RBP RX-1 Side Steps (New)|1|102000|Side Bars|{short description}|{detailed description}|2|Polished||2-Step|Round|Gloss|||Placement on Vehicle[:=:]Left, Right[:os:]Product Name[:=:]Side Bars[:os:]Pieces[:=:]2 Pcs[:os:]FINISH[:=:]Polished[:os:]MATERIAL[:=:]Stainless Steel[:os:]Shape[:=:]Round|images/rbp/side-steps/rbp-rx1-2step-side-bar-ss.jpg|images/rbp/side-steps/rbp-universal-rx1-2-steps-side-bar-1-ss.jpg|images/rbp/side-steps/rbp-universal-rx1-2-steps-side-bar-2-ss.jpg|images/rbp/side-steps/rbp-universal-rx1-2-steps-side-bar-3-ss.jpg|||402.53|10.50|110.00|13.50|78.00|||M|3
C1189QC-TXR||N|Y|Y|RBP®|324.00|Y|R;R;R;R|RX-1|RX-1 - 2 Step|RBP RX-1 Side Steps (New)|1|102000|Side Bars|{short description}|{detailed description}|1|Black||2-Step|Round|Textured|||Placement on Vehicle[:=:]Left, Right[:os:]Product Name[:=:]Side Bars[:os:]Pieces[:=:]2 Pcs[:os:]FINISH[:=:]Black[:os:]MATERIAL[:=:]Stainless Steel[:os:]Shape[:=:]Round|images/rbp/side-steps/rbp-rx1-2step-side-bar.jpg|images/rbp/side-steps/rbp-universal-rx1-2-steps-side-bar-1.jpg|images/rbp/side-steps/rbp-universal-rx1-2-steps-side-bar-2.jpg|images/rbp/side-steps/rbp-universal-rx1-2-steps-side-bar-3.jpg|||362.88|10.50|110.00|13.50|78.00|||M|3
C14104CC-6-TXR||N|Y|Y|RBP®|405.00|Y|R;R;R;R|RX-1|RX-1 - 3 Step|RBP RX-1 Side Steps (New)|1|102000|Side Bars|{short description 1}|{detailed description 1}||Black||3-Step|Round|Textured|||Placement on Vehicle[:=:]Left, Right[:os:]Vehicle Type[:=:]Truck[:os:]Product Name[:=:]Side Bars[:os:]Pieces[:=:]3 Pcs[:os:]FINISH[:=:]Black[:os:]MATERIAL[:=:]Stainless Steel[:os:]Shape[:=:]Round|images/rbp/side-steps/rbp-rx1-3step-side-bar.jpg|images/rbp/side-steps/rbp-universal-rx1-3-steps-side-bar-1.jpg|images/rbp/side-steps/rbp-universal-rx1-2-steps-side-bar-2.jpg|images/rbp/side-steps/rbp-universal-rx1-2-steps-side-bar-3.jpg|||453.60|10.50|110.00|13.50|86.00|||M|3
C1489CC-GB||N||Y|RBP®|270.00||R;R;R;R|RX-1|New ReDesigned RX 1 2-RUNG GLOSS BLACK STEPS|RBP RX-1 Side Steps (New)|1|102000|Side Bars|{short description}|{detailed description}|1|Black||2-Step|Round|Gloss|||Placement on Vehicle[:=:]Left, Right[:os:]Product Name[:=:]Side Bars[:os:]Pieces[:=:]2 Pcs[:os:]FINISH[:=:]Black[:os:]MATERIAL[:=:]Stainless Steel[:os:]Shape[:=:]Round|images/rbp/side-steps/rbp-rx1-2step-side-bar.jpg|images/rbp/side-steps/rbp-universal-rx1-2-steps-side-bar-1.jpg|images/rbp/side-steps/rbp-universal-rx1-2-steps-side-bar-2.jpg|images/rbp/side-steps/rbp-universal-rx1-2-steps-side-bar-3.jpg|||302.40|10.50|114.00|13.50|76.00|||M|3
C1489CC-RW3||N||N|RBP®|||R;R;R;R|RX-3|RX3 Textured Black WTW Step w/3rd Step)|RBP RX-3 Side Steps|3|2100|Side Bars|{short description}|{detailed description}||Black||3-Step|Round|Textured|Wheel To Wheel||Placement on Vehicle[:=:]Left, Right[:os:]Vehicle Type[:=:]Truck[:os:]Product Name[:=:]Side Bars[:os:]FINISH[:=:]Black[:os:]MATERIAL[:=:]Stainless Steel[:os:]Shape[:=:]Round[:os:]Custom Order[:=:]RBP RX-3 Side Steps|images/no-image.jpg||||||||103.00|||||M|3
C1489CC-SS||N||Y|RBP®|359.40||R;R;R;R|RX-1|New ReDesigned RX 1 2-RUNG GLOSS POLISHED SS STEPS|RBP RX-1 Side Steps (New)|1|102000|Side Bars|{short description}|{detailed description}|2|Polished||2-Step|Round|Gloss|||Placement on Vehicle[:=:]Left, Right[:os:]Product Name[:=:]Side Bars[:os:]Pieces[:=:]2 Pcs[:os:]FINISH[:=:]Polished[:os:]MATERIAL[:=:]Stainless Steel[:os:]Shape[:=:]Round|images/rbp/side-steps/rbp-rx1-2step-side-bar-ss.jpg|images/rbp/side-steps/rbp-universal-rx1-2-steps-side-bar-1-ss.jpg|images/rbp/side-steps/rbp-universal-rx1-2-steps-side-bar-2-ss.jpg|images/rbp/side-steps/rbp-universal-rx1-2-steps-side-bar-3-ss.jpg|||402.53|10.50|114.00|13.50|76.00|||M|3
C1489CC-TXR||N||Y|RBP®|324.00||R;R;R;R|RX-1|RX-1 - 2 Step|RBP RX-1 Side Steps (New)|1|102000|Side Bars|{short description}|{detailed description}|1|Black||2-Step|Round|Textured|||Placement on Vehicle[:=:]Left, Right[:os:]Product Name[:=:]Side Bars[:os:]Pieces[:=:]2 Pcs[:os:]FINISH[:=:]Black[:os:]MATERIAL[:=:]Stainless Steel[:os:]Shape[:=:]Round|images/rbp/side-steps/rbp-rx1-2step-side-bar.jpg|images/rbp/side-steps/rbp-universal-rx1-2-steps-side-bar-1.jpg|images/rbp/side-steps/rbp-universal-rx1-2-steps-side-bar-2.jpg|images/rbp/side-steps/rbp-universal-rx1-2-steps-side-bar-3.jpg|||362.88|10.50|114.00|13.50|76.00|||M|3
C1489QC-RW3||N||Y|RBP®|717.00||R;R;R;R|RX-3|RX3 Textured Black WTW Step w/3rd Step)|RBP RX-3 Side Steps|3|2100|Side Bars|{short description}|{detailed description}||Black||3-Step|Round|Textured|Wheel To Wheel||Placement on Vehicle[:=:]Left, Right[:os:]Vehicle Type[:=:]Truck[:os:]Product Name[:=:]Side Bars[:os:]FINISH[:=:]Black[:os:]MATERIAL[:=:]Stainless Steel[:os:]Shape[:=:]Round[:os:]Custom Order[:=:]RBP RX-3 Side Steps|images/no-image.jpg||||||803.04|12.00|110.00|13.50|86.00|||M|3
C1489QC-RX3||N||Y|RBP®|477.00||R;R;R;R|RX-3|RX3 Textured BLACK Cab Length Step|RBP RX-3 Side Steps|3|2100|Side Bars|{short description}|{detailed description}||Black|||Round|Textured|Cab Length||Placement on Vehicle[:=:]Left, Right[:os:]Vehicle Type[:=:]Truck[:os:]Product Name[:=:]Side Bars[:os:]FINISH[:=:]Black[:os:]MATERIAL[:=:]Stainless Steel[:os:]Shape[:=:]Round[:os:]Custom Order[:=:]RBP RX-3 Side Steps|images/rbp/side-steps/rbp-rx3-side-bar.jpg|images/rbp/side-steps/t0786cc-rx3.jpg|||||534.24|10.00|98.00|22.00|79.00|||M|3
C1489QC-TXR||N||Y|RBP®|324.00||R;R;R;R|RX-1|RX-1 - 2 Step|RBP RX-1 Side Steps (New)|1|102000|Side Bars|{short description}|{detailed description}|1|Black||2-Step|Round|Textured|||Placement on Vehicle[:=:]Left, Right[:os:]Product Name[:=:]Side Bars[:os:]Pieces[:=:]2 Pcs[:os:]FINISH[:=:]Black[:os:]MATERIAL[:=:]Stainless Steel[:os:]Shape[:=:]Round|images/rbp/side-steps/rbp-rx1-2step-side-bar.jpg|images/rbp/side-steps/rbp-universal-rx1-2-steps-side-bar-1.jpg|images/rbp/side-steps/rbp-universal-rx1-2-steps-side-bar-2.jpg|images/rbp/side-steps/rbp-universal-rx1-2-steps-side-bar-3.jpg|||362.88|10.50|110.00|13.50|78.00|||M|3
C1495CC-6-TXR||N|Y|Y|RBP®|405.00|Y|R;R;R;R|RX-1|RX-1 - 3 Step|RBP RX-1 Side Steps (New)|1|102000|Side Bars|{short description 1}|{detailed description 1}||Black||3-Step|Round|Textured|||Placement on Vehicle[:=:]Left, Right[:os:]Vehicle Type[:=:]Truck[:os:]Product Name[:=:]Side Bars[:os:]Pieces[:=:]3 Pcs[:os:]FINISH[:=:]Black[:os:]MATERIAL[:=:]Stainless Steel[:os:]Shape[:=:]Round|images/rbp/side-steps/rbp-rx1-3step-side-bar.jpg|images/rbp/side-steps/rbp-universal-rx1-3-steps-side-bar-1.jpg|images/rbp/side-steps/rbp-universal-rx1-2-steps-side-bar-2.jpg|images/rbp/side-steps/rbp-universal-rx1-2-steps-side-bar-3.jpg|||453.60|10.50|110.00|13.50|86.00|||M|3
C1495QC-6-TXR||N|Y|Y|RBP®|405.00|Y|R;R;R;R|RX-1|RX-1 - 3 Step|RBP RX-1 Side Steps (New)|1|102000|Side Bars|{short description 1}|{detailed description 1}||Black||3-Step|Round|Textured|||Placement on Vehicle[:=:]Left, Right[:os:]Vehicle Type[:=:]Truck[:os:]Product Name[:=:]Side Bars[:os:]Pieces[:=:]3 Pcs[:os:]FINISH[:=:]Black[:os:]MATERIAL[:=:]Stainless Steel[:os:]Shape[:=:]Round|images/rbp/side-steps/rbp-rx1-3step-side-bar.jpg|images/rbp/side-steps/rbp-universal-rx1-3-steps-side-bar-1.jpg|images/rbp/side-steps/rbp-universal-rx1-2-steps-side-bar-2.jpg|images/rbp/side-steps/rbp-universal-rx1-2-steps-side-bar-3.jpg|||453.60|10.50|110.00|13.50|84.00|||M|3
C1498CC-GB||N||Y|RBP®|270.00||R;R;R;R|RX-1|New ReDesigned RX 1 2-RUNG GLOSS BLACK STEPS|RBP RX-1 Side Steps (New)|1|102000|Side Bars|{short description}|{detailed description}|1|Black||2-Step|Round|Gloss|||Placement on Vehicle[:=:]Left, Right[:os:]Product Name[:=:]Side Bars[:os:]Pieces[:=:]2 Pcs[:os:]FINISH[:=:]Black[:os:]MATERIAL[:=:]Stainless Steel[:os:]Shape[:=:]Round|images/rbp/side-steps/rbp-rx1-2step-side-bar.jpg|images/rbp/side-steps/rbp-universal-rx1-2-steps-side-bar-1.jpg|images/rbp/side-steps/rbp-universal-rx1-2-steps-side-bar-2.jpg|images/rbp/side-steps/rbp-universal-rx1-2-steps-side-bar-3.jpg|||302.40|10.50|115.00|13.50|84.00|||M|3
C1498CC-RS3||N||Y|RBP®|717.00||R;R;R;R|RX-3|RX3 Stainless Steel Cab Length Step|RBP RX-3 Side Steps|3|2100|Side Bars|{short description}|{detailed description}||Polished|||Round||Cab Length|With Chrome Mesh|Placement on Vehicle[:=:]Left, Right[:os:]Vehicle Type[:=:]Truck[:os:]Product Name[:=:]Side Bars[:os:]FINISH[:=:]Polished[:os:]MATERIAL[:=:]Stainless Steel[:os:]Shape[:=:]Round[:os:]Custom Order[:=:]RBP RX-3 Side Steps|images/rbp/side-steps/t0786cc-rs3.jpg||||||803.04|10.00|98.00|22.00|79.00|||M|3
C1498CC-RW3||N||Y|RBP®|717.00||R;R;R;R|RX-3|RX3 Textured Black WTW Step w/3rd Step)|RBP RX-3 Side Steps|3|2100|Side Bars|{short description}|{detailed description}||Black||3-Step|Round|Textured|Wheel To Wheel||Placement on Vehicle[:=:]Left, Right[:os:]Vehicle Type[:=:]Truck[:os:]Product Name[:=:]Side Bars[:os:]FINISH[:=:]Black[:os:]MATERIAL[:=:]Stainless Steel[:os:]Shape[:=:]Round[:os:]Custom Order[:=:]RBP RX-3 Side Steps|images/no-image.jpg||||||803.04|12.00|110.00|13.50|86.00|||M|3
C1498CC-RX3||N||Y|RBP®|477.00||R;R;R;R|RX-3|RX3 Textured BLACK Cab Length Step|RBP RX-3 Side Steps|3|2100|Side Bars|{short description}|{detailed description}||Black|||Round|Textured|Cab Length||Placement on Vehicle[:=:]Left, Right[:os:]Vehicle Type[:=:]Truck[:os:]Product Name[:=:]Side Bars[:os:]FINISH[:=:]Black[:os:]MATERIAL[:=:]Stainless Steel[:os:]Shape[:=:]Round[:os:]Custom Order[:=:]RBP RX-3 Side Steps|images/rbp/side-steps/rbp-rx3-side-bar.jpg|images/rbp/side-steps/t0786cc-rx3.jpg|||||534.24|10.00|98.00|22.00|79.00|||M|3
C1498CC-SS||N||Y|RBP®|359.40||R;R;R;R|RX-1|New ReDesigned RX 1 2-RUNG GLOSS POLISHED SS STEPS|RBP RX-1 Side Steps (New)|1|102000|Side Bars|{short description}|{detailed description}|2|Polished||2-Step|Round|Gloss|||Placement on Vehicle[:=:]Left, Right[:os:]Product Name[:=:]Side Bars[:os:]Pieces[:=:]2 Pcs[:os:]FINISH[:=:]Polished[:os:]MATERIAL[:=:]Stainless Steel[:os:]Shape[:=:]Round|images/rbp/side-steps/rbp-rx1-2step-side-bar-ss.jpg|images/rbp/side-steps/rbp-universal-rx1-2-steps-side-bar-1-ss.jpg|images/rbp/side-steps/rbp-universal-rx1-2-steps-side-bar-2-ss.jpg|images/rbp/side-steps/rbp-universal-rx1-2-steps-side-bar-3-ss.jpg|||402.53|10.50|115.00|13.50|84.00|||M|3
C1498CC-TXR||N||Y|RBP®|324.00||R;R;R;R|RX-1|RX-1 - 2 Step|RBP RX-1 Side Steps (New)|1|102000|Side Bars|{short description}|{detailed description}|1|Black||2-Step|Round|Textured|||Placement on Vehicle[:=:]Left, Right[:os:]Product Name[:=:]Side Bars[:os:]Pieces[:=:]2 Pcs[:os:]FINISH[:=:]Black[:os:]MATERIAL[:=:]Stainless Steel[:os:]Shape[:=:]Round|images/rbp/side-steps/rbp-rx1-2step-side-bar.jpg|images/rbp/side-steps/rbp-universal-rx1-2-steps-side-bar-1.jpg|images/rbp/side-steps/rbp-universal-rx1-2-steps-side-bar-2.jpg|images/rbp/side-steps/rbp-universal-rx1-2-steps-side-bar-3.jpg|||362.88|10.50|115.00|13.50|84.00|||M|3
C15104CC-6-TXR||N|Y|Y|RBP®|405.00|Y|R;R;R;R|RX-1|RX-1 - 3 Step|RBP RX-1 Side Steps (New)|1|102000|Side Bars|{short description 1}|{detailed description 1}||Black||3-Step|Round|Textured|||Placement on Vehicle[:=:]Left, Right[:os:]Vehicle Type[:=:]Truck[:os:]Product Name[:=:]Side Bars[:os:]Pieces[:=:]3 Pcs[:os:]FINISH[:=:]Black[:os:]MATERIAL[:=:]Stainless Steel[:os:]Shape[:=:]Round|images/rbp/side-steps/rbp-rx1-3step-side-bar.jpg|images/rbp/side-steps/rbp-universal-rx1-3-steps-side-bar-1.jpg|images/rbp/side-steps/rbp-universal-rx1-2-steps-side-bar-2.jpg|images/rbp/side-steps/rbp-universal-rx1-2-steps-side-bar-3.jpg|||453.60|10.50|110.00|13.50|86.00|||M|3
C1589QC-SS||N||Y|RBP®|359.40||R;R;R;R|RX-1|New ReDesigned RX 1 2-RUNG GLOSS POLISHED SS STEPS|RBP RX-1 Side Steps (New)|1|102000|Side Bars|{short description}|{detailed description}|2|Polished||2-Step|Round|Gloss|||Placement on Vehicle[:=:]Left, Right[:os:]Product Name[:=:]Side Bars[:os:]Pieces[:=:]2 Pcs[:os:]FINISH[:=:]Polished[:os:]MATERIAL[:=:]Stainless Steel[:os:]Shape[:=:]Round|images/rbp/side-steps/rbp-rx1-2step-side-bar-ss.jpg|images/rbp/side-steps/rbp-universal-rx1-2-steps-side-bar-1-ss.jpg|images/rbp/side-steps/rbp-universal-rx1-2-steps-side-bar-2-ss.jpg|images/rbp/side-steps/rbp-universal-rx1-2-steps-side-bar-3-ss.jpg|||402.53|10.50|110.00|13.50|78.00|||M|3
C1589QC-TXR||N||Y|RBP®|324.00||R;R;R;R|RX-1|RX-1 - 2 Step|RBP RX-1 Side Steps (New)|1|102000|Side Bars|{short description}|{detailed description}|1|Black||2-Step|Round|Textured|||Placement on Vehicle[:=:]Left, Right[:os:]Product Name[:=:]Side Bars[:os:]Pieces[:=:]2 Pcs[:os:]FINISH[:=:]Black[:os:]MATERIAL[:=:]Stainless Steel[:os:]Shape[:=:]Round|images/rbp/side-steps/rbp-rx1-2step-side-bar.jpg|images/rbp/side-steps/rbp-universal-rx1-2-steps-side-bar-1.jpg|images/rbp/side-steps/rbp-universal-rx1-2-steps-side-bar-2.jpg|images/rbp/side-steps/rbp-universal-rx1-2-steps-side-bar-3.jpg|||362.88|10.50|110.00|13.50|78.00|||M|3
C1595QC-6-TXR||N|Y|Y|RBP®|405.00|Y|R;R;R;R|RX-1|RX-1 - 3 Step|RBP RX-1 Side Steps (New)|1|102000|Side Bars|{short description 1}|{detailed description 1}||Black||3-Step|Round|Textured|||Placement on Vehicle[:=:]Left, Right[:os:]Vehicle Type[:=:]Truck[:os:]Product Name[:=:]Side Bars[:os:]Pieces[:=:]3 Pcs[:os:]FINISH[:=:]Black[:os:]MATERIAL[:=:]Stainless Steel[:os:]Shape[:=:]Round|images/rbp/side-steps/rbp-rx1-3step-side-bar.jpg|images/rbp/side-steps/rbp-universal-rx1-3-steps-side-bar-1.jpg|images/rbp/side-steps/rbp-universal-rx1-2-steps-side-bar-2.jpg|images/rbp/side-steps/rbp-universal-rx1-2-steps-side-bar-3.jpg|||453.60|10.50|110.00|13.50|84.00|||M|3
C1598CC-SS||N||Y|RBP®|359.40||R;R;R;R|RX-1|New ReDesigned RX 1 2-RUNG GLOSS POLISHED SS STEPS|RBP RX-1 Side Steps (New)|1|102000|Side Bars|{short description}|{detailed description}|2|Polished||2-Step|Round|Gloss|||Placement on Vehicle[:=:]Left, Right[:os:]Product Name[:=:]Side Bars[:os:]Pieces[:=:]2 Pcs[:os:]FINISH[:=:]Polished[:os:]MATERIAL[:=:]Stainless Steel[:os:]Shape[:=:]Round|images/rbp/side-steps/rbp-rx1-2step-side-bar-ss.jpg|images/rbp/side-steps/rbp-universal-rx1-2-steps-side-bar-1-ss.jpg|images/rbp/side-steps/rbp-universal-rx1-2-steps-side-bar-2-ss.jpg|images/rbp/side-steps/rbp-universal-rx1-2-steps-side-bar-3-ss.jpg|||402.53|10.50|115.00|13.50|84.00|||M|3
C1598CC-TXR||N||Y|RBP®|324.00||R;R;R;R|RX-1|RX-1 - 2 Step|RBP RX-1 Side Steps (New)|1|102000|Side Bars|{short description}|{detailed description}|1|Black||2-Step|Round|Textured|||Placement on Vehicle[:=:]Left, Right[:os:]Product Name[:=:]Side Bars[:os:]Pieces[:=:]2 Pcs[:os:]FINISH[:=:]Black[:os:]MATERIAL[:=:]Stainless Steel[:os:]Shape[:=:]Round|images/rbp/side-steps/rbp-rx1-2step-side-bar.jpg|images/rbp/side-steps/rbp-universal-rx1-2-steps-side-bar-1.jpg|images/rbp/side-steps/rbp-universal-rx1-2-steps-side-bar-2.jpg|images/rbp/side-steps/rbp-universal-rx1-2-steps-side-bar-3.jpg|||362.88|10.50|115.00|13.50|84.00|||M|3
C1598QC-RW3||N||Y|RBP®|717.00||R;R;R;R|RX-3|RX3 Textured Black WTW Step w/3rd Step)|RBP RX-3 Side Steps|3|2100|Side Bars|{short description}|{detailed description}||Black||3-Step|Round|Textured|Wheel To Wheel||Placement on Vehicle[:=:]Left, Right[:os:]Vehicle Type[:=:]Truck[:os:]Product Name[:=:]Side Bars[:os:]FINISH[:=:]Black[:os:]MATERIAL[:=:]Stainless Steel[:os:]Shape[:=:]Round[:os:]Custom Order[:=:]RBP RX-3 Side Steps|images/no-image.jpg||||||803.04|12.00|110.00|13.50|86.00|||M|3
C9989QC-GB||N||Y|RBP®|270.00||R;R;R;R|RX-1|New ReDesigned RX 1 2-RUNG GLOSS BLACK STEPS|RBP RX-1 Side Steps (New)|1|102000|Side Bars|{short description}|{detailed description}|1|Black||2-Step|Round|Gloss|||Placement on Vehicle[:=:]Left, Right[:os:]Product Name[:=:]Side Bars[:os:]Pieces[:=:]2 Pcs[:os:]FINISH[:=:]Black[:os:]MATERIAL[:=:]Stainless Steel[:os:]Shape[:=:]Round|images/rbp/side-steps/rbp-rx1-2step-side-bar.jpg|images/rbp/side-steps/rbp-universal-rx1-2-steps-side-bar-1.jpg|images/rbp/side-steps/rbp-universal-rx1-2-steps-side-bar-2.jpg|images/rbp/side-steps/rbp-universal-rx1-2-steps-side-bar-3.jpg|||302.40|10.50|110.00|13.50|78.00|||M|3
C9989QC-RX3||N||Y|RBP®|477.00||R;R;R;R|RX-3|RX3 Textured BLACK Cab Length Step|RBP RX-3 Side Steps|3|2100|Side Bars|{short description}|{detailed description}||Black|||Round|Textured|Cab Length||Placement on Vehicle[:=:]Left, Right[:os:]Vehicle Type[:=:]Truck[:os:]Product Name[:=:]Side Bars[:os:]FINISH[:=:]Black[:os:]MATERIAL[:=:]Stainless Steel[:os:]Shape[:=:]Round[:os:]Custom Order[:=:]RBP RX-3 Side Steps|images/rbp/side-steps/rbp-rx3-side-bar.jpg|images/rbp/side-steps/rbp-universal-rx3-side-bar-1.jpg|||||534.24|10.00|98.00|22.00|79.00|||M|3
C9989QC-SS||N||Y|RBP®|359.40||R;R;R;R|RX-1|New ReDesigned RX 1 2-RUNG GLOSS POLISHED SS STEPS|RBP RX-1 Side Steps (New)|1|102000|Side Bars|{short description}|{detailed description}|2|Polished||2-Step|Round|Gloss|||Placement on Vehicle[:=:]Left, Right[:os:]Product Name[:=:]Side Bars[:os:]Pieces[:=:]2 Pcs[:os:]FINISH[:=:]Polished[:os:]MATERIAL[:=:]Stainless Steel[:os:]Shape[:=:]Round|images/rbp/side-steps/rbp-rx1-2step-side-bar-ss.jpg|images/rbp/side-steps/rbp-universal-rx1-2-steps-side-bar-1-ss.jpg|images/rbp/side-steps/rbp-universal-rx1-2-steps-side-bar-2-ss.jpg|images/rbp/side-steps/rbp-universal-rx1-2-steps-side-bar-3-ss.jpg|||402.53|10.50|110.00|13.50|78.00|||M|3
D0289QC-6-TXR||N|Y|Y|RBP®|405.00|Y|R;R;R;R|RX-1|RX-1 - 3 Step|RBP RX-1 Side Steps (New)|1|102000|Side Bars|{short description 1}|{detailed description 1}||Black||3-Step|Round|Textured|||Placement on Vehicle[:=:]Left, Right[:os:]Vehicle Type[:=:]Truck[:os:]Product Name[:=:]Side Bars[:os:]Pieces[:=:]3 Pcs[:os:]FINISH[:=:]Black[:os:]MATERIAL[:=:]Stainless Steel[:os:]Shape[:=:]Round|images/rbp/side-steps/rbp-rx1-3step-side-bar.jpg|images/rbp/side-steps/rbp-universal-rx1-3-steps-side-bar-1.jpg|images/rbp/side-steps/rbp-universal-rx1-2-steps-side-bar-2.jpg|images/rbp/side-steps/rbp-universal-rx1-2-steps-side-bar-3.jpg|images/rbp/side-steps/pdf/rbp-d0289qc-6-txr-installation-instructions.pdf||453.60|10.50|99.00|13.50|52.00|||M|3
D0289QC-GB||N||Y|RBP®|270.00||R;R;R;R|RX-1|New ReDesigned RX 1 2-RUNG GLOSS BLACK STEPS|RBP RX-1 Side Steps (New)|1|102000|Side Bars|{short description}|{detailed description}|1|Black||2-Step|Round|Gloss|||Placement on Vehicle[:=:]Left, Right[:os:]Product Name[:=:]Side Bars[:os:]Pieces[:=:]2 Pcs[:os:]FINISH[:=:]Black[:os:]MATERIAL[:=:]Stainless Steel[:os:]Shape[:=:]Round|images/rbp/side-steps/rbp-rx1-2step-side-bar.jpg|images/rbp/side-steps/rbp-universal-rx1-2-steps-side-bar-1.jpg|images/rbp/side-steps/rbp-universal-rx1-2-steps-side-bar-2.jpg|images/rbp/side-steps/rbp-universal-rx1-2-steps-side-bar-3.jpg|||302.40|10.50|99.00|13.50|72.00|||M|3
D0289QC-RS3||N||Y|RBP®|||R;R;R;R|RX-3|RX3 Textured Black Cab Length Step|RBP RX-3 Side Steps|3|2100|Side Bars|{short description}|{detailed description}||Black|||Round|Textured|Cab Length|With Chrome Mesh|Placement on Vehicle[:=:]Left, Right[:os:]Vehicle Type[:=:]Truck[:os:]Product Name[:=:]Side Bars[:os:]FINISH[:=:]Black[:os:]MATERIAL[:=:]Stainless Steel[:os:]Shape[:=:]Round[:os:]Custom Order[:=:]RBP RX-3 Side Steps||||||||10.00|98.00|22.00|79.00|||M|3
D0289QC-RX3||N||Y|RBP®|477.00||R;R;R;R|RX-3|RX3 Textured BLACK Cab Length Step|RBP RX-3 Side Steps|3|2100|Side Bars|{short description}|{detailed description}||Black|||Round|Textured|Cab Length||Placement on Vehicle[:=:]Left, Right[:os:]Vehicle Type[:=:]Truck[:os:]Product Name[:=:]Side Bars[:os:]FINISH[:=:]Black[:os:]MATERIAL[:=:]Stainless Steel[:os:]Shape[:=:]Round[:os:]Custom Order[:=:]RBP RX-3 Side Steps|images/rbp/side-steps/rbp-rx3-side-bar.jpg|images/rbp/side-steps/rbp-universal-rx3-side-bar-1.jpg|||||534.24|10.00|98.00|22.00|79.00|||M|3
D0289QC-SS||N||Y|RBP®|359.40||R;R;R;R|RX-1|New ReDesigned RX 1 2-RUNG GLOSS POLISHED SS STEPS|RBP RX-1 Side Steps (New)|1|102000|Side Bars|{short description}|{detailed description}|2|Polished||2-Step|Round|Gloss|||Placement on Vehicle[:=:]Left, Right[:os:]Product Name[:=:]Side Bars[:os:]Pieces[:=:]2 Pcs[:os:]FINISH[:=:]Polished[:os:]MATERIAL[:=:]Stainless Steel[:os:]Shape[:=:]Round|images/rbp/side-steps/rbp-rx1-2step-side-bar-ss.jpg|images/rbp/side-steps/rbp-universal-rx1-2-steps-side-bar-1-ss.jpg|images/rbp/side-steps/rbp-universal-rx1-2-steps-side-bar-2-ss.jpg|images/rbp/side-steps/rbp-universal-rx1-2-steps-side-bar-3-ss.jpg|||402.53|10.50|99.00|13.50|72.00|||M|3
D0289QC-TXR||N||Y|RBP®|324.00||R;R;R;R|RX-1|RX-1 - 2 Step|RBP RX-1 Side Steps (New)|1|102000|Side Bars|{short description}|{detailed description}|1|Black||2-Step|Round|Textured|||Placement on Vehicle[:=:]Left, Right[:os:]Product Name[:=:]Side Bars[:os:]Pieces[:=:]2 Pcs[:os:]FINISH[:=:]Black[:os:]MATERIAL[:=:]Stainless Steel[:os:]Shape[:=:]Round|images/rbp/side-steps/rbp-rx1-2step-side-bar.jpg|images/rbp/side-steps/rbp-universal-rx1-2-steps-side-bar-1.jpg|images/rbp/side-steps/rbp-universal-rx1-2-steps-side-bar-2.jpg|images/rbp/side-steps/rbp-universal-rx1-2-steps-side-bar-3.jpg|images/rbp/side-steps/pdf/rbp-d0289qc-txr-installation-instructions.pdf||362.88|10.50|99.00|13.50|72.00|||M|3
D06110CC-6-TXR||N|Y|Y|RBP®|405.00|Y|R;R;R;R|RX-1|RX-1 - 3 Step|RBP RX-1 Side Steps (New)|1|102000|Side Bars|{short description 1}|{detailed description 1}||Black||3-Step|Round|Textured|||Placement on Vehicle[:=:]Left, Right[:os:]Vehicle Type[:=:]Truck[:os:]Product Name[:=:]Side Bars[:os:]Pieces[:=:]3 Pcs[:os:]FINISH[:=:]Black[:os:]MATERIAL[:=:]Stainless Steel[:os:]Shape[:=:]Round|images/rbp/side-steps/rbp-rx1-3step-side-bar.jpg|images/rbp/side-steps/rbp-universal-rx1-3-steps-side-bar-1.jpg|images/rbp/side-steps/rbp-universal-rx1-2-steps-side-bar-2.jpg|images/rbp/side-steps/rbp-universal-rx1-2-steps-side-bar-3.jpg|||453.60|10.50|115.00|13.50|53.00|||M|3
D06110CC-RX3||N||Y|RBP®|477.00||R;R;R;R|RX-3|RX3 Textured BLACK Cab Length Step|RBP RX-3 Side Steps|3|2100|Side Bars|{short description}|{detailed description}||Black|||Round|Textured|Cab Length||Placement on Vehicle[:=:]Left, Right[:os:]Vehicle Type[:=:]Truck[:os:]Product Name[:=:]Side Bars[:os:]FINISH[:=:]Black[:os:]MATERIAL[:=:]Stainless Steel[:os:]Shape[:=:]Round[:os:]Custom Order[:=:]RBP RX-3 Side Steps|images/rbp/side-steps/rbp-rx3-side-bar.jpg|images/rbp/side-steps/rbp-universal-rx3-side-bar-1.jpg|||||534.24|10.00|98.00|22.00|79.00|||M|3
D09107CC-RS3||N||Y|RBP®|717.00||R;R;R;R|RX-3|RX3 STAINLESS STEEL Cab Length Step|RBP RX-3 Side Steps|3|2100|Side Bars|{short description}|{detailed description}||Polished|||Round||Cab Length|With Chrome Mesh|Placement on Vehicle[:=:]Left, Right[:os:]Vehicle Type[:=:]Truck[:os:]Product Name[:=:]Side Bars[:os:]FINISH[:=:]Polished[:os:]MATERIAL[:=:]Stainless Steel[:os:]Shape[:=:]Round[:os:]Custom Order[:=:]RBP RX-3 Side Steps|images/rbp/side-steps/d09107cc-rs3.jpg||||||803.04|10.00|98.00|22.00|79.00|||M|3
D09107CC-RX3||N||Y|RBP®|477.00||R;R;R;R|RX-3|RX3 Textured BLACK Cab Length Step|RBP RX-3 Side Steps|3|2100|Side Bars|{short description}|{detailed description}||Black|||Round|Textured|Cab Length||Placement on Vehicle[:=:]Left, Right[:os:]Vehicle Type[:=:]Truck[:os:]Product Name[:=:]Side Bars[:os:]FINISH[:=:]Black[:os:]MATERIAL[:=:]Stainless Steel[:os:]Shape[:=:]Round[:os:]Custom Order[:=:]RBP RX-3 Side Steps|images/rbp/side-steps/rbp-rx3-side-bar.jpg|images/rbp/side-steps/rbp-universal-rx3-side-bar-1.jpg|||||534.24|10.00|98.00|22.00|79.00|||M|3
D0989CC-GB||N||Y|RBP®|269.40||R;R;R;R|RX-1|RX-1 - 2 Step|RBP RX-1 Side Steps (New)|1|102000|Side Bars|{short description}|{detailed description}|1|Black||2-Step|Round|Gloss|||Placement on Vehicle[:=:]Left, Right[:os:]Product Name[:=:]Side Bars[:os:]Pieces[:=:]2 Pcs[:os:]FINISH[:=:]Black[:os:]MATERIAL[:=:]Stainless Steel[:os:]Shape[:=:]Round|images/rbp/side-steps/rbp-rx1-2step-side-bar.jpg|images/rbp/side-steps/rbp-universal-rx1-2-steps-side-bar-1.jpg|images/rbp/side-steps/rbp-universal-rx1-2-steps-side-bar-2.jpg|images/rbp/side-steps/rbp-universal-rx1-2-steps-side-bar-3.jpg|||301.73|10.50|99.00|13.50|86.00|||M|3
D0989CC-RS3||N||Y|RBP®|||R;R;R;R|RX-3|RX3 Textured Black Cab Length Step|RBP RX-3 Side Steps|3|2100|Side Bars|{short description}|{detailed description}||Black|||Round|Textured|Cab Length|With Chrome Mesh|Placement on Vehicle[:=:]Left, Right[:os:]Vehicle Type[:=:]Truck[:os:]Product Name[:=:]Side Bars[:os:]FINISH[:=:]Black[:os:]MATERIAL[:=:]Stainless Steel[:os:]Shape[:=:]Round[:os:]Custom Order[:=:]RBP RX-3 Side Steps||||||||10.00|98.00|22.00|79.00|||M|3
D0989CC-RX3||N||Y|RBP®|477.00||R;R;R;R|RX-3|RX3 Textured BLACK Cab Length Step|RBP RX-3 Side Steps|3|2100|Side Bars|{short description}|{detailed description}||Black|||Round|Textured|Cab Length||Placement on Vehicle[:=:]Left, Right[:os:]Vehicle Type[:=:]Truck[:os:]Product Name[:=:]Side Bars[:os:]FINISH[:=:]Black[:os:]MATERIAL[:=:]Stainless Steel[:os:]Shape[:=:]Round[:os:]Custom Order[:=:]RBP RX-3 Side Steps|images/rbp/side-steps/rbp-rx3-side-bar.jpg|images/rbp/side-steps/rbp-universal-rx3-side-bar-1.jpg|||||534.24|10.00|98.00|22.00|79.00|||M|3
D0989CC-SS||N||Y|RBP®|359.40||R;R;R;R|RX-1|RX-1 - 2 Step|RBP RX-1 Side Steps (New)|1|102000|Side Bars|{short description}|{detailed description}|2|Polished||2-Step|Round||||Placement on Vehicle[:=:]Left, Right[:os:]Product Name[:=:]Side Bars[:os:]Pieces[:=:]2 Pcs[:os:]FINISH[:=:]Polished[:os:]MATERIAL[:=:]Stainless Steel[:os:]Shape[:=:]Round|images/rbp/side-steps/rbp-rx1-2step-side-bar-ss.jpg|images/rbp/side-steps/rbp-universal-rx1-2-steps-side-bar-1-ss.jpg|images/rbp/side-steps/rbp-universal-rx1-2-steps-side-bar-2-ss.jpg|images/rbp/side-steps/rbp-universal-rx1-2-steps-side-bar-3-ss.jpg|||402.53|10.50|99.00|13.50|86.00|||M|3
D0989CC-TXR||N||Y|RBP®|324.00||R;R;R;R|RX-1|RX-1 - 2 Step|RBP RX-1 Side Steps (New)|1|102000|Side Bars|{short description}|{detailed description}|1|Black||2-Step|Round|Textured|||Placement on Vehicle[:=:]Left, Right[:os:]Product Name[:=:]Side Bars[:os:]Pieces[:=:]2 Pcs[:os:]FINISH[:=:]Black[:os:]MATERIAL[:=:]Stainless Steel[:os:]Shape[:=:]Round|images/rbp/side-steps/rbp-rx1-2step-side-bar.jpg|images/rbp/side-steps/rbp-universal-rx1-2-steps-side-bar-1.jpg|images/rbp/side-steps/rbp-universal-rx1-2-steps-side-bar-2.jpg|images/rbp/side-steps/rbp-universal-rx1-2-steps-side-bar-3.jpg|images/rbp/side-steps/pdf/rbp-d0989cc-txr-installation-instructions.pdf||362.88|10.50|99.00|13.50|86.00|||M|3
D0989QC-GB||N||Y|RBP®|270.00||R;R;R;R|RX-1|New ReDesigned RX 1 2-RUNG GLOSS BLACK STEPS|RBP RX-1 Side Steps (New)|1|102000|Side Bars|{short description}|{detailed description}|1|Black||2-Step|Round|Gloss|||Placement on Vehicle[:=:]Left, Right[:os:]Product Name[:=:]Side Bars[:os:]Pieces[:=:]2 Pcs[:os:]FINISH[:=:]Black[:os:]MATERIAL[:=:]Stainless Steel[:os:]Shape[:=:]Round|images/rbp/side-steps/rbp-rx1-2step-side-bar.jpg|images/rbp/side-steps/rbp-universal-rx1-2-steps-side-bar-1.jpg|images/rbp/side-steps/rbp-universal-rx1-2-steps-side-bar-2.jpg|images/rbp/side-steps/rbp-universal-rx1-2-steps-side-bar-3.jpg|||302.40|10.50|99.00|13.50|86.00|||M|3
D0989QC-RS3||N||Y|RBP®|||R;R;R;R|RX-3|RX3 Textured Black Cab Length Step|RBP RX-3 Side Steps|3|2100|Side Bars|{short description}|{detailed description}||Black|||Round|Textured|Cab Length|With Chrome Mesh|Placement on Vehicle[:=:]Left, Right[:os:]Vehicle Type[:=:]Truck[:os:]Product Name[:=:]Side Bars[:os:]FINISH[:=:]Black[:os:]MATERIAL[:=:]Stainless Steel[:os:]Shape[:=:]Round[:os:]Custom Order[:=:]RBP RX-3 Side Steps||||||||10.00|98.00|22.00|79.00|||M|3
D0989QC-RX3||N||Y|RBP®|477.00||R;R;R;R|RX-3|RX3 Textured BLACK Cab Length Step|RBP RX-3 Side Steps|3|2100|Side Bars|{short description}|{detailed description}||Black|||Round|Textured|Cab Length||Placement on Vehicle[:=:]Left, Right[:os:]Vehicle Type[:=:]Truck[:os:]Product Name[:=:]Side Bars[:os:]FINISH[:=:]Black[:os:]MATERIAL[:=:]Stainless Steel[:os:]Shape[:=:]Round[:os:]Custom Order[:=:]RBP RX-3 Side Steps|images/rbp/side-steps/rbp-rx3-side-bar.jpg|images/rbp/side-steps/rbp-universal-rx3-side-bar-1.jpg|||||534.24|10.00|98.00|22.00|79.00|||M|3
D0989QC-SS||N||Y|RBP®|359.40||R;R;R;R|RX-1|New ReDesigned RX 1 2-RUNG GLOSS POLISHED SS STEPS|RBP RX-1 Side Steps (New)|1|102000|Side Bars|{short description}|{detailed description}|2|Polished||2-Step|Round|Gloss|||Placement on Vehicle[:=:]Left, Right[:os:]Product Name[:=:]Side Bars[:os:]Pieces[:=:]2 Pcs[:os:]FINISH[:=:]Polished[:os:]MATERIAL[:=:]Stainless Steel[:os:]Shape[:=:]Round|images/rbp/side-steps/rbp-rx1-2step-side-bar-ss.jpg|images/rbp/side-steps/rbp-universal-rx1-2-steps-side-bar-1-ss.jpg|images/rbp/side-steps/rbp-universal-rx1-2-steps-side-bar-2-ss.jpg|images/rbp/side-steps/rbp-universal-rx1-2-steps-side-bar-3-ss.jpg|||402.53|10.50|99.00|13.50|86.00|||M|3
D0989QC-TXR||N||Y|RBP®|324.00||R;R;R;R|RX-1|RX-1 - 2 Step|RBP RX-1 Side Steps (New)|1|102000|Side Bars|{short description}|{detailed description}|1|Black||2-Step|Round|Textured|||Placement on Vehicle[:=:]Left, Right[:os:]Product Name[:=:]Side Bars[:os:]Pieces[:=:]2 Pcs[:os:]FINISH[:=:]Black[:os:]MATERIAL[:=:]Stainless Steel[:os:]Shape[:=:]Round|images/rbp/side-steps/rbp-rx1-2step-side-bar.jpg|images/rbp/side-steps/rbp-universal-rx1-2-steps-side-bar-1.jpg|images/rbp/side-steps/rbp-universal-rx1-2-steps-side-bar-2.jpg|images/rbp/side-steps/rbp-universal-rx1-2-steps-side-bar-3.jpg|images/rbp/side-steps/pdf/rbp-d0989qc-txr-installation-instructions.pdf||362.88|10.50|99.00|13.50|86.00|||M|3
D0994CC-6-TXR||N|Y|Y|RBP®|405.00|Y|R;R;R;R|RX-1|RX-1 - 3 Step|RBP RX-1 Side Steps (New)|1|102000|Side Bars|{short description 1}|{detailed description 1}||Black||3-Step|Round|Textured|||Placement on Vehicle[:=:]Left, Right[:os:]Vehicle Type[:=:]Truck[:os:]Product Name[:=:]Side Bars[:os:]Pieces[:=:]3 Pcs[:os:]FINISH[:=:]Black[:os:]MATERIAL[:=:]Stainless Steel[:os:]Shape[:=:]Round|images/rbp/side-steps/rbp-rx1-3step-side-bar.jpg|images/rbp/side-steps/rbp-universal-rx1-3-steps-side-bar-1.jpg|images/rbp/side-steps/rbp-universal-rx1-2-steps-side-bar-2.jpg|images/rbp/side-steps/rbp-universal-rx1-2-steps-side-bar-3.jpg|images/rbp/side-steps/pdf/rbp-d0994cc-6-txr-installation-instructions.pdf||453.60|10.50|110.00|13.50|57.00|||M|3
D0994QC-6-TXR||N|Y|Y|RBP®|405.00|Y|R;R;R;R|RX-1|RX-1 - 3 Step|RBP RX-1 Side Steps (New)|1|102000|Side Bars|{short description 1}|{detailed description 1}||Black||3-Step|Round|Textured|||Placement on Vehicle[:=:]Left, Right[:os:]Vehicle Type[:=:]Truck[:os:]Product Name[:=:]Side Bars[:os:]Pieces[:=:]3 Pcs[:os:]FINISH[:=:]Black[:os:]MATERIAL[:=:]Stainless Steel[:os:]Shape[:=:]Round|images/rbp/side-steps/rbp-rx1-3step-side-bar.jpg|images/rbp/side-steps/rbp-universal-rx1-3-steps-side-bar-1.jpg|images/rbp/side-steps/rbp-universal-rx1-2-steps-side-bar-2.jpg|images/rbp/side-steps/rbp-universal-rx1-2-steps-side-bar-3.jpg|images/rbp/side-steps/pdf/rbp-d0994qc-6-txr-installation-instructions.pdf||453.60|10.50|110.00|13.50|56.00|||M|3
F0977QC-RX3||N||Y|RBP®|477.00||R;R;R;R|RX-3|RX3 Textured BLACK Cab Length Step|RBP RX-3 Side Steps|3|2100|Side Bars|{short description}|{detailed description}||Black|||Round|Textured|Cab Length||Placement on Vehicle[:=:]Left, Right[:os:]Vehicle Type[:=:]Truck[:os:]Product Name[:=:]Side Bars[:os:]FINISH[:=:]Black[:os:]MATERIAL[:=:]Stainless Steel[:os:]Shape[:=:]Round[:os:]Custom Order[:=:]RBP RX-3 Side Steps|images/rbp/side-steps/rbp-rx3-side-bar.jpg|images/rbp/side-steps/rbp-universal-rx3-side-bar-1.jpg|||||534.24|10.00|98.00|22.00|79.00|||M|3
F0989QC-GB||N||Y|RBP®|270.00||R;R;R;R|RX-1|New ReDesigned RX 1 2-RUNG GLOSS BLACK STEPS|RBP RX-1 Side Steps (New)|1|102000|Side Bars|{short description}|{detailed description}|1|Black||2-Step|Round|Gloss|||Placement on Vehicle[:=:]Left, Right[:os:]Product Name[:=:]Side Bars[:os:]Pieces[:=:]2 Pcs[:os:]FINISH[:=:]Black[:os:]MATERIAL[:=:]Stainless Steel[:os:]Shape[:=:]Round|images/rbp/side-steps/rbp-rx1-2step-side-bar.jpg|images/rbp/side-steps/rbp-universal-rx1-2-steps-side-bar-1.jpg|images/rbp/side-steps/rbp-universal-rx1-2-steps-side-bar-2.jpg|images/rbp/side-steps/rbp-universal-rx1-2-steps-side-bar-3.jpg|||302.40|10.50|114.00|13.50|79.00|||M|3
F0989QC-RW3||N||Y|RBP®|||R;R;R;R|RX-3|RX3 Textured Black WTW Step w/3rd Step)|RBP RX-3 Side Steps|3|2100|Side Bars|{short description}|{detailed description}||Black||3-Step|Round|Textured|Wheel To Wheel||Placement on Vehicle[:=:]Left, Right[:os:]Vehicle Type[:=:]Truck[:os:]Product Name[:=:]Side Bars[:os:]FINISH[:=:]Black[:os:]MATERIAL[:=:]Stainless Steel[:os:]Shape[:=:]Round[:os:]Custom Order[:=:]RBP RX-3 Side Steps|images/no-image.jpg|||||||12.00|110.00|13.50|86.00|||M|3
F0989QC-RX3||N||Y|RBP®|477.00||R;R;R;R|RX-3|RX3 Textured BLACK Cab Length Step|RBP RX-3 Side Steps|3|2100|Side Bars|{short description}|{detailed description}||Black|||Round|Textured|Cab Length||Placement on Vehicle[:=:]Left, Right[:os:]Vehicle Type[:=:]Truck[:os:]Product Name[:=:]Side Bars[:os:]FINISH[:=:]Black[:os:]MATERIAL[:=:]Stainless Steel[:os:]Shape[:=:]Round[:os:]Custom Order[:=:]RBP RX-3 Side Steps|images/rbp/side-steps/rbp-rx3-side-bar.jpg|images/rbp/side-steps/rbp-universal-rx3-side-bar-1.jpg|||||534.24|10.00|98.00|22.00|79.00|||M|3
F0989QC-SS||N||Y|RBP®|359.40||R;R;R;R|RX-1|New ReDesigned RX 1 2-RUNG GLOSS POLISHED SS STEPS|RBP RX-1 Side Steps (New)|1|102000|Side Bars|{short description}|{detailed description}|2|Polished||2-Step|Round|Gloss|||Placement on Vehicle[:=:]Left, Right[:os:]Product Name[:=:]Side Bars[:os:]Pieces[:=:]2 Pcs[:os:]FINISH[:=:]Polished[:os:]MATERIAL[:=:]Stainless Steel[:os:]Shape[:=:]Round|images/rbp/side-steps/rbp-rx1-2step-side-bar-ss.jpg|images/rbp/side-steps/rbp-universal-rx1-2-steps-side-bar-1-ss.jpg|images/rbp/side-steps/rbp-universal-rx1-2-steps-side-bar-2-ss.jpg|images/rbp/side-steps/rbp-universal-rx1-2-steps-side-bar-3-ss.jpg|||402.53|10.50|114.00|13.50|79.00|||M|3
F0989QC-TXR||N||Y|RBP®|324.00||R;R;R;R|RX-1|RX-1 - 2 Step|RBP RX-1 Side Steps (New)|1|102000|Side Bars|{short description}|{detailed description}|1|Black||2-Step|Round|Textured|||Placement on Vehicle[:=:]Left, Right[:os:]Product Name[:=:]Side Bars[:os:]Pieces[:=:]2 Pcs[:os:]FINISH[:=:]Black[:os:]MATERIAL[:=:]Stainless Steel[:os:]Shape[:=:]Round|images/rbp/side-steps/rbp-rx1-2step-side-bar.jpg|images/rbp/side-steps/rbp-universal-rx1-2-steps-side-bar-1.jpg|images/rbp/side-steps/rbp-universal-rx1-2-steps-side-bar-2.jpg|images/rbp/side-steps/rbp-universal-rx1-2-steps-side-bar-3.jpg|images/rbp/side-steps/pdf/rbp-f0989qc-txr-installation-instructions.pdf||362.88|10.50|114.00|13.50|79.00|||M|3
F0996CC-GB||N||Y|RBP®|269.40||R;R;R;R|RX-1|RX-1 - 2 Step|RBP RX-1 Side Steps (New)|1|102000|Side Bars|{short description}|{detailed description}|1|Black||2-Step|Round|Gloss|||Placement on Vehicle[:=:]Left, Right[:os:]Product Name[:=:]Side Bars[:os:]Pieces[:=:]2 Pcs[:os:]FINISH[:=:]Black[:os:]MATERIAL[:=:]Stainless Steel[:os:]Shape[:=:]Round|images/rbp/side-steps/rbp-rx1-2step-side-bar.jpg|images/rbp/side-steps/rbp-universal-rx1-2-steps-side-bar-1.jpg|images/rbp/side-steps/rbp-universal-rx1-2-steps-side-bar-2.jpg|images/rbp/side-steps/rbp-universal-rx1-2-steps-side-bar-3.jpg|||301.73|10.50|114.00|13.50|79.00|||M|3
F0996CC-RS3||N||Y|RBP®|||R;R;R;R|RX-3|RX3 Textured Black Cab Length Step|RBP RX-3 Side Steps|3|2100|Side Bars|{short description}|{detailed description}||Black|||Round|Textured|Cab Length|With Chrome Mesh|Placement on Vehicle[:=:]Left, Right[:os:]Vehicle Type[:=:]Truck[:os:]Product Name[:=:]Side Bars[:os:]FINISH[:=:]Black[:os:]MATERIAL[:=:]Stainless Steel[:os:]Shape[:=:]Round[:os:]Custom Order[:=:]RBP RX-3 Side Steps||||||||10.00|98.00|22.00|79.00|||M|3
F0996CC-RW3||N||Y|RBP®|||R;R;R;R|RX-3|RX3 Textured Black WTW Step w/3rd Step)|RBP RX-3 Side Steps|3|2100|Side Bars|{short description}|{detailed description}||Black||3-Step|Round|Textured|Wheel To Wheel||Placement on Vehicle[:=:]Left, Right[:os:]Vehicle Type[:=:]Truck[:os:]Product Name[:=:]Side Bars[:os:]FINISH[:=:]Black[:os:]MATERIAL[:=:]Stainless Steel[:os:]Shape[:=:]Round[:os:]Custom Order[:=:]RBP RX-3 Side Steps|images/no-image.jpg|||||||12.00|110.00|13.50|86.00|||M|3
F0996CC-RX3||N||Y|RBP®|477.00||R;R;R;R|RX-3|RX3 Textured BLACK Cab Length Step|RBP RX-3 Side Steps|3|2100|Side Bars|{short description}|{detailed description}||Black|||Round|Textured|Cab Length||Placement on Vehicle[:=:]Left, Right[:os:]Vehicle Type[:=:]Truck[:os:]Product Name[:=:]Side Bars[:os:]FINISH[:=:]Black[:os:]MATERIAL[:=:]Stainless Steel[:os:]Shape[:=:]Round[:os:]Custom Order[:=:]RBP RX-3 Side Steps|images/rbp/side-steps/rbp-rx3-side-bar.jpg|images/rbp/side-steps/rbp-universal-rx3-side-bar-1.jpg|||||534.24|10.00|98.00|22.00|79.00|||M|3
F0996CC-SS||N||Y|RBP®|359.40||R;R;R;R|RX-1|RX-1 - 2 Step|RBP RX-1 Side Steps (New)|1|102000|Side Bars|{short description}|{detailed description}|2|Polished||2-Step|Round||||Placement on Vehicle[:=:]Left, Right[:os:]Product Name[:=:]Side Bars[:os:]Pieces[:=:]2 Pcs[:os:]FINISH[:=:]Polished[:os:]MATERIAL[:=:]Stainless Steel[:os:]Shape[:=:]Round|images/rbp/side-steps/rbp-rx1-2step-side-bar-ss.jpg|images/rbp/side-steps/rbp-universal-rx1-2-steps-side-bar-1-ss.jpg|images/rbp/side-steps/rbp-universal-rx1-2-steps-side-bar-2-ss.jpg|images/rbp/side-steps/rbp-universal-rx1-2-steps-side-bar-3-ss.jpg|||402.53|10.50|114.00|13.50|79.00|||M|3
F0996CC-TXR||N||Y|RBP®|324.00||R;R;R;R|RX-1|RX-1 - 2 Step|RBP RX-1 Side Steps (New)|1|102000|Side Bars|{short description}|{detailed description}|1|Black||2-Step|Round|Textured|||Placement on Vehicle[:=:]Left, Right[:os:]Product Name[:=:]Side Bars[:os:]Pieces[:=:]2 Pcs[:os:]FINISH[:=:]Black[:os:]MATERIAL[:=:]Stainless Steel[:os:]Shape[:=:]Round|images/rbp/side-steps/rbp-rx1-2step-side-bar.jpg|images/rbp/side-steps/rbp-universal-rx1-2-steps-side-bar-1.jpg|images/rbp/side-steps/rbp-universal-rx1-2-steps-side-bar-2.jpg|images/rbp/side-steps/rbp-universal-rx1-2-steps-side-bar-3.jpg|images/rbp/side-steps/pdf/rbp-f0996cc-txr-installation-instructions.pdf||362.88|10.50|114.00|13.50|79.00|||M|3
F15107CC-6-TXR||N||Y|RBP®|405.00||R;R;R;R|RX-1|RX-1 - 3 Step|RBP RX-1 Side Steps (New)|1|102000|Side Bars|{short description 1}|{detailed description 1}||Black||3-Step|Round|Textured|||Placement on Vehicle[:=:]Left, Right[:os:]Vehicle Type[:=:]Truck[:os:]Product Name[:=:]Side Bars[:os:]Pieces[:=:]3 Pcs[:os:]FINISH[:=:]Black[:os:]MATERIAL[:=:]Stainless Steel[:os:]Shape[:=:]Round|images/rbp/side-steps/rbp-rx1-3step-side-bar.jpg|images/rbp/side-steps/rbp-universal-rx1-3-steps-side-bar-1.jpg|images/rbp/side-steps/rbp-universal-rx1-2-steps-side-bar-2.jpg|images/rbp/side-steps/rbp-universal-rx1-2-steps-side-bar-3.jpg|||453.60|10.50|111.00|13.50|86.00|||M|3
F15107CC-GB||N||Y|RBP®|270.00||R;R;R;R|RX-1|New ReDesigned RX 1 2-RUNG GLOSS BLACK STEPS|RBP RX-1 Side Steps (New)|1|102000|Side Bars|{short description}|{detailed description}|1|Black||2-Step|Round|Gloss|||Placement on Vehicle[:=:]Left, Right[:os:]Product Name[:=:]Side Bars[:os:]Pieces[:=:]2 Pcs[:os:]FINISH[:=:]Black[:os:]MATERIAL[:=:]Stainless Steel[:os:]Shape[:=:]Round|images/rbp/side-steps/rbp-rx1-2step-side-bar.jpg|images/rbp/side-steps/rbp-universal-rx1-2-steps-side-bar-1.jpg|images/rbp/side-steps/rbp-universal-rx1-2-steps-side-bar-2.jpg|images/rbp/side-steps/rbp-universal-rx1-2-steps-side-bar-3.jpg|||302.40|10.50|111.00|13.50|83.00|||M|3
F15107CC-TXR||N||Y|RBP®|324.00||R;R;R;R|RX-1|RX-1 - 2 Step|RBP RX-1 Side Steps (New)|1|102000|Side Bars|{short description}|{detailed description}|1|Black||2-Step|Round|Textured|||Placement on Vehicle[:=:]Left, Right[:os:]Product Name[:=:]Side Bars[:os:]Pieces[:=:]2 Pcs[:os:]FINISH[:=:]Black[:os:]MATERIAL[:=:]Stainless Steel[:os:]Shape[:=:]Round|images/rbp/side-steps/rbp-rx1-2step-side-bar.jpg|images/rbp/side-steps/rbp-universal-rx1-2-steps-side-bar-1.jpg|images/rbp/side-steps/rbp-universal-rx1-2-steps-side-bar-2.jpg|images/rbp/side-steps/rbp-universal-rx1-2-steps-side-bar-3.jpg|||362.88|10.50|111.00|13.50|83.00|||M|3
F1589QC-RX3||N||Y|RBP®|477.00||R;R;R;R|RX-3|RX 3 CAB LENGTH BLACK TEXTURED STEPS|RBP RX-3 Side Steps|3|2100|Side Bars|{short description}|{detailed description}||Black|||Round|Textured|Cab Length||Placement on Vehicle[:=:]Left, Right[:os:]Vehicle Type[:=:]Truck[:os:]Product Name[:=:]Side Bars[:os:]FINISH[:=:]Black[:os:]MATERIAL[:=:]Stainless Steel[:os:]Shape[:=:]Round[:os:]Custom Order[:=:]RBP RX-3 Side Steps|images/rbp/side-steps/rbp-rx3-side-bar.jpg|images/rbp/side-steps/rbp-universal-rx3-side-bar-1.jpg|||||534.24|10.00|98.00|22.00|79.00|||M|3
F1596CC-6-TXR||N||Y|RBP®|405.00||R;R;R;R|RX-1|RX-1 - 3 Step|RBP RX-1 Side Steps (New)|1|102000|Side Bars|{short description 1}|{detailed description 1}||Black||3-Step|Round|Textured|||Placement on Vehicle[:=:]Left, Right[:os:]Vehicle Type[:=:]Truck[:os:]Product Name[:=:]Side Bars[:os:]Pieces[:=:]3 Pcs[:os:]FINISH[:=:]Black[:os:]MATERIAL[:=:]Stainless Steel[:os:]Shape[:=:]Round|images/rbp/side-steps/rbp-rx1-3step-side-bar.jpg|images/rbp/side-steps/rbp-universal-rx1-3-steps-side-bar-1.jpg|images/rbp/side-steps/rbp-universal-rx1-2-steps-side-bar-2.jpg|images/rbp/side-steps/rbp-universal-rx1-2-steps-side-bar-3.jpg|||453.60|10.50|100.00|13.50|95.00|||M|3
F1596CC-GB||N||Y|RBP®|270.00||R;R;R;R|RX-1|New ReDesigned RX 1 2-RUNG GLOSS BLACK STEPS|RBP RX-1 Side Steps (New)|1|102000|Side Bars|{short description}|{detailed description}|1|Black||2-Step|Round|Gloss|||Placement on Vehicle[:=:]Left, Right[:os:]Product Name[:=:]Side Bars[:os:]Pieces[:=:]2 Pcs[:os:]FINISH[:=:]Black[:os:]MATERIAL[:=:]Stainless Steel[:os:]Shape[:=:]Round|images/rbp/side-steps/rbp-rx1-2step-side-bar.jpg|images/rbp/side-steps/rbp-universal-rx1-2-steps-side-bar-1.jpg|images/rbp/side-steps/rbp-universal-rx1-2-steps-side-bar-2.jpg|images/rbp/side-steps/rbp-universal-rx1-2-steps-side-bar-3.jpg|||302.40|10.50|100.00|13.50|63.00|||M|3
F1596CC-RX3||N||Y|RBP®|477.00||R;R;R;R|RX-3|RX 3 CAB LENGTH BLACK TEXTURED STEPS|RBP RX-3 Side Steps|3|2100|Side Bars|{short description}|{detailed description}||Black|||Round|Textured|Cab Length||Placement on Vehicle[:=:]Left, Right[:os:]Vehicle Type[:=:]Truck[:os:]Product Name[:=:]Side Bars[:os:]FINISH[:=:]Black[:os:]MATERIAL[:=:]Stainless Steel[:os:]Shape[:=:]Round[:os:]Custom Order[:=:]RBP RX-3 Side Steps|images/rbp/side-steps/rbp-rx3-side-bar.jpg|images/rbp/side-steps/rbp-universal-rx3-side-bar-1.jpg|||||534.24|10.00|98.00|22.00|79.00|||M|3
F1596CC-TXR||N||Y|RBP®|324.00||R;R;R;R|RX-1|RX-1 - 2 Step|RBP RX-1 Side Steps (New)|1|102000|Side Bars|{short description}|{detailed description}|1|Black||2-Step|Round|Textured|||Placement on Vehicle[:=:]Left, Right[:os:]Product Name[:=:]Side Bars[:os:]Pieces[:=:]2 Pcs[:os:]FINISH[:=:]Black[:os:]MATERIAL[:=:]Stainless Steel[:os:]Shape[:=:]Round|images/rbp/side-steps/rbp-rx1-2step-side-bar.jpg|images/rbp/side-steps/rbp-universal-rx1-2-steps-side-bar-1.jpg|images/rbp/side-steps/rbp-universal-rx1-2-steps-side-bar-2.jpg|images/rbp/side-steps/rbp-universal-rx1-2-steps-side-bar-3.jpg|||362.88|10.50|100.00|13.50|63.00|||M|3
F1597QC-6-TXR||N||Y|RBP®|405.00||R;R;R;R|RX-1|RX-1 - 3 Step|RBP RX-1 Side Steps (New)|1|102000|Side Bars|{short description 1}|{detailed description 1}||Black||3-Step|Round|Textured|||Placement on Vehicle[:=:]Left, Right[:os:]Vehicle Type[:=:]Truck[:os:]Product Name[:=:]Side Bars[:os:]Pieces[:=:]3 Pcs[:os:]FINISH[:=:]Black[:os:]MATERIAL[:=:]Stainless Steel[:os:]Shape[:=:]Round|images/rbp/side-steps/rbp-rx1-3step-side-bar.jpg|images/rbp/side-steps/rbp-universal-rx1-3-steps-side-bar-1.jpg|images/rbp/side-steps/rbp-universal-rx1-2-steps-side-bar-2.jpg|images/rbp/side-steps/rbp-universal-rx1-2-steps-side-bar-3.jpg|||453.60|10.50|101.00|13.50|100.00|||M|3
F1597QC-GB||N||Y|RBP®|270.00||R;R;R;R|RX-1|New ReDesigned RX 1 2-RUNG GLOSS BLACK STEPS|RBP RX-1 Side Steps (New)|1|102000|Side Bars|{short description}|{detailed description}|1|Black||2-Step|Round|Gloss|||Placement on Vehicle[:=:]Left, Right[:os:]Product Name[:=:]Side Bars[:os:]Pieces[:=:]2 Pcs[:os:]FINISH[:=:]Black[:os:]MATERIAL[:=:]Stainless Steel[:os:]Shape[:=:]Round|images/rbp/side-steps/rbp-rx1-2step-side-bar.jpg|images/rbp/side-steps/rbp-universal-rx1-2-steps-side-bar-1.jpg|images/rbp/side-steps/rbp-universal-rx1-2-steps-side-bar-2.jpg|images/rbp/side-steps/rbp-universal-rx1-2-steps-side-bar-3.jpg|||302.40|10.50|101.00|13.50|63.00|||M|3
F1597QC-TXR||N||Y|RBP®|324.00||R;R;R;R|RX-1|RX-1 - 2 Step|RBP RX-1 Side Steps (New)|1|102000|Side Bars|{short description}|{detailed description}|1|Black||2-Step|Round|Textured|||Placement on Vehicle[:=:]Left, Right[:os:]Product Name[:=:]Side Bars[:os:]Pieces[:=:]2 Pcs[:os:]FINISH[:=:]Black[:os:]MATERIAL[:=:]Stainless Steel[:os:]Shape[:=:]Round|images/rbp/side-steps/rbp-rx1-2step-side-bar.jpg|images/rbp/side-steps/rbp-universal-rx1-2-steps-side-bar-1.jpg|images/rbp/side-steps/rbp-universal-rx1-2-steps-side-bar-2.jpg|images/rbp/side-steps/rbp-universal-rx1-2-steps-side-bar-3.jpg|||362.88|10.50|101.00|13.50|63.00|||M|3
F99100CC-GB||N|Y|Y|RBP®|269.40|Y|R;R;R;R|RX-1|RX-1 - 2 Step|RBP RX-1 Side Steps (New)|1|102000|Side Bars|{short description}|{detailed description}|1|Black||2-Step|Round|Gloss|||Placement on Vehicle[:=:]Left, Right[:os:]Product Name[:=:]Side Bars[:os:]Pieces[:=:]2 Pcs[:os:]FINISH[:=:]Black[:os:]MATERIAL[:=:]Stainless Steel[:os:]Shape[:=:]Round|images/rbp/side-steps/rbp-rx1-2step-side-bar.jpg|images/rbp/side-steps/rbp-universal-rx1-2-steps-side-bar-1.jpg|images/rbp/side-steps/rbp-universal-rx1-2-steps-side-bar-2.jpg|images/rbp/side-steps/rbp-universal-rx1-2-steps-side-bar-3.jpg|||301.73|10.50|114.00|13.50|76.00|||M|3
F99100CC-RS3||N||Y|RBP®|717.00||R;R;R;R|RX-3|RX3 STAINLESS STEEL Cab Length Step|RBP RX-3 Side Steps|3|2100|Side Bars|{short description}|{detailed description}||Polished|||Round||Cab Length|With Chrome Mesh|Placement on Vehicle[:=:]Left, Right[:os:]Vehicle Type[:=:]Truck[:os:]Product Name[:=:]Side Bars[:os:]FINISH[:=:]Polished[:os:]MATERIAL[:=:]Stainless Steel[:os:]Shape[:=:]Round[:os:]Custom Order[:=:]RBP RX-3 Side Steps|images/rbp/side-steps/f99100cc-rs3.jpg||||||803.04|10.00|98.00|22.00|79.00|||M|3
F99100CC-RW3||N||Y|RBP®|||R;R;R;R|RX-3|RX3 Textured BLACK WTW Step w/3rd Step)|RBP RX-3 Side Steps|3|2100|Side Bars|{short description}|{detailed description}||Black||3-Step|Round|Textured|Wheel To Wheel||Placement on Vehicle[:=:]Left, Right[:os:]Vehicle Type[:=:]Truck[:os:]Product Name[:=:]Side Bars[:os:]FINISH[:=:]Black[:os:]MATERIAL[:=:]Stainless Steel[:os:]Shape[:=:]Round[:os:]Custom Order[:=:]RBP RX-3 Side Steps|images/no-image.jpg|||||||10.50|114.00|13.50|76.00|||M|3
F99100CC-RX3||N||Y|RBP®|477.00||R;R;R;R|RX-3|RX3 Textured BLACK Cab Length Step|RBP RX-3 Side Steps|3|2100|Side Bars|{short description}|{detailed description}||Black|||Round|Textured|Cab Length||Placement on Vehicle[:=:]Left, Right[:os:]Vehicle Type[:=:]Truck[:os:]Product Name[:=:]Side Bars[:os:]FINISH[:=:]Black[:os:]MATERIAL[:=:]Stainless Steel[:os:]Shape[:=:]Round[:os:]Custom Order[:=:]RBP RX-3 Side Steps|images/rbp/side-steps/rbp-rx3-side-bar.jpg|images/rbp/side-steps/rbp-universal-rx3-side-bar-1.jpg|||||534.24|10.00|98.00|22.00|79.00|||M|3
F99100CC-SS||N|Y|Y|RBP®|359.40|Y|R;R;R;R|RX-1|RX-1 - 2 Step|RBP RX-1 Side Steps (New)|1|102000|Side Bars|{short description}|{detailed description}|2|Polished||2-Step|Round||||Placement on Vehicle[:=:]Left, Right[:os:]Product Name[:=:]Side Bars[:os:]Pieces[:=:]2 Pcs[:os:]FINISH[:=:]Polished[:os:]MATERIAL[:=:]Stainless Steel[:os:]Shape[:=:]Round|images/rbp/side-steps/rbp-rx1-2step-side-bar-ss.jpg|images/rbp/side-steps/rbp-universal-rx1-2-steps-side-bar-1-ss.jpg|images/rbp/side-steps/rbp-universal-rx1-2-steps-side-bar-2-ss.jpg|images/rbp/side-steps/rbp-universal-rx1-2-steps-side-bar-3-ss.jpg|||402.53|10.50|114.00|13.50|76.00|||M|3
F99100CC-TXR||N|Y|Y|RBP®|324.00|Y|R;R;R;R|RX-1|RX-1 - 2 Step|RBP RX-1 Side Steps (New)|1|102000|Side Bars|{short description}|{detailed description}|1|Black||2-Step|Round|Textured|||Placement on Vehicle[:=:]Left, Right[:os:]Product Name[:=:]Side Bars[:os:]Pieces[:=:]2 Pcs[:os:]FINISH[:=:]Black[:os:]MATERIAL[:=:]Stainless Steel[:os:]Shape[:=:]Round|images/rbp/side-steps/rbp-rx1-2step-side-bar.jpg|images/rbp/side-steps/rbp-universal-rx1-2-steps-side-bar-1.jpg|images/rbp/side-steps/rbp-universal-rx1-2-steps-side-bar-2.jpg|images/rbp/side-steps/rbp-universal-rx1-2-steps-side-bar-3.jpg|||362.88|10.50|114.00|13.50|76.00|||M|3
F99105CC-6-TXR||N|Y|Y|RBP®|405.00|Y|R;R;R;R|RX-1|RX-1 - 3 Step|RBP RX-1 Side Steps (New)|1|102000|Side Bars|{short description 1}|{detailed description 1}||Black||3-Step|Round|Textured|||Placement on Vehicle[:=:]Left, Right[:os:]Vehicle Type[:=:]Truck[:os:]Product Name[:=:]Side Bars[:os:]Pieces[:=:]3 Pcs[:os:]FINISH[:=:]Black[:os:]MATERIAL[:=:]Stainless Steel[:os:]Shape[:=:]Round|images/rbp/side-steps/rbp-rx1-3step-side-bar.jpg|images/rbp/side-steps/rbp-universal-rx1-3-steps-side-bar-1.jpg|images/rbp/side-steps/rbp-universal-rx1-2-steps-side-bar-2.jpg|images/rbp/side-steps/rbp-universal-rx1-2-steps-side-bar-3.jpg|||453.60|10.50|117.00|13.50|58.00|||M|3
F99115CC-TXR||N|Y|Y|RBP®|324.00|Y|R;R;R;R|RX-1|RX-1 - 2 Step|RBP RX-1 Side Steps (New)|1|102000|Side Bars|{short description}|{detailed description}|1|Black||2-Step|Round|Textured|||Placement on Vehicle[:=:]Left, Right[:os:]Product Name[:=:]Side Bars[:os:]Pieces[:=:]2 Pcs[:os:]FINISH[:=:]Black[:os:]MATERIAL[:=:]Stainless Steel[:os:]Shape[:=:]Round|images/rbp/side-steps/rbp-rx1-2step-side-bar.jpg|images/rbp/side-steps/rbp-universal-rx1-2-steps-side-bar-1.jpg|images/rbp/side-steps/rbp-universal-rx1-2-steps-side-bar-2.jpg|images/rbp/side-steps/rbp-universal-rx1-2-steps-side-bar-3.jpg|||362.88|10.50|129.00|13.50|88.00|||M|3
F9984QC-RW3||N||Y|RBP®|||R;R;R;R|RX-3|RX3 Textured Black WTW Step w/3rd Step)|RBP RX-3 Side Steps|3|2100|Side Bars|{short description}|{detailed description}||Black||3-Step|Round|Textured|Wheel To Wheel||Placement on Vehicle[:=:]Left, Right[:os:]Vehicle Type[:=:]Truck[:os:]Product Name[:=:]Side Bars[:os:]FINISH[:=:]Black[:os:]MATERIAL[:=:]Stainless Steel[:os:]Shape[:=:]Round[:os:]Custom Order[:=:]RBP RX-3 Side Steps|images/no-image.jpg|||||||12.00|110.00|13.50|86.00|||M|3
F9984QC-RX3||N||Y|RBP®|477.00||R;R;R;R|RX-3|RX3 Textured BLACK Cab Length Step|RBP RX-3 Side Steps|3|2100|Side Bars|{short description}|{detailed description}||Black|||Round|Textured|Cab Length||Placement on Vehicle[:=:]Left, Right[:os:]Vehicle Type[:=:]Truck[:os:]Product Name[:=:]Side Bars[:os:]FINISH[:=:]Black[:os:]MATERIAL[:=:]Stainless Steel[:os:]Shape[:=:]Round[:os:]Custom Order[:=:]RBP RX-3 Side Steps|images/rbp/side-steps/rbp-rx3-side-bar.jpg|images/rbp/side-steps/rbp-universal-rx3-side-bar-1.jpg|||||534.24|10.00|98.00|22.00|79.00|||M|3
F9984QC-TXR||N||Y|RBP®|324.00||R;R;R;R|RX-1|RX-1 - 2 Step|RBP RX-1 Side Steps (New)|1|102000|Side Bars|{short description}|{detailed description}|1|Black||2-Step|Round|Textured|||Placement on Vehicle[:=:]Left, Right[:os:]Product Name[:=:]Side Bars[:os:]Pieces[:=:]2 Pcs[:os:]FINISH[:=:]Black[:os:]MATERIAL[:=:]Stainless Steel[:os:]Shape[:=:]Round|images/rbp/side-steps/rbp-rx1-2step-side-bar.jpg|images/rbp/side-steps/rbp-universal-rx1-2-steps-side-bar-1.jpg|images/rbp/side-steps/rbp-universal-rx1-2-steps-side-bar-2.jpg|images/rbp/side-steps/rbp-universal-rx1-2-steps-side-bar-3.jpg|||362.88|10.50|80.00|13.50|67.00|||M|3
F9995QC-6-TXR||N|Y|Y|RBP®|405.00|Y|R;R;R;R|RX-1|RX-1 - 3 Step|RBP RX-1 Side Steps (New)|1|102000|Side Bars|{short description 1}|{detailed description 1}||Black||3-Step|Round|Textured|||Placement on Vehicle[:=:]Left, Right[:os:]Vehicle Type[:=:]Truck[:os:]Product Name[:=:]Side Bars[:os:]Pieces[:=:]3 Pcs[:os:]FINISH[:=:]Black[:os:]MATERIAL[:=:]Stainless Steel[:os:]Shape[:=:]Round|images/rbp/side-steps/rbp-rx1-3step-side-bar.jpg|images/rbp/side-steps/rbp-universal-rx1-3-steps-side-bar-1.jpg|images/rbp/side-steps/rbp-universal-rx1-2-steps-side-bar-2.jpg|images/rbp/side-steps/rbp-universal-rx1-2-steps-side-bar-3.jpg|||453.60|10.50|80.00|13.50|59.00|||M|3
J0746-GB||N||Y|RBP®|270.00||R;R;R;R|RX-1|New ReDesigned RX 1 2-RUNG GLOSS BLACK STEPS|RBP RX-1 Side Steps (New)|1|102000|Side Bars|{short description}|{detailed description}|1|Black||2-Step|Round|Gloss|||Placement on Vehicle[:=:]Left, Right[:os:]Product Name[:=:]Side Bars[:os:]Pieces[:=:]2 Pcs[:os:]FINISH[:=:]Black[:os:]MATERIAL[:=:]Stainless Steel[:os:]Shape[:=:]Round|images/rbp/side-steps/rbp-rx1-2step-side-bar.jpg|images/rbp/side-steps/rbp-universal-rx1-2-steps-side-bar-1.jpg|images/rbp/side-steps/rbp-universal-rx1-2-steps-side-bar-2.jpg|images/rbp/side-steps/rbp-universal-rx1-2-steps-side-bar-3.jpg|||302.40|10.50|61.00|13.50|52.00|||M|3
J0746-RX3||N||Y|RBP®|477.00||R;R;R;R|RX-3|RX3 Textured BLACK Cab Length Step|RBP RX-3 Side Steps|3|2100|Side Bars|{short description}|{detailed description}||Black|||Round|Textured|Cab Length||Placement on Vehicle[:=:]Left, Right[:os:]Vehicle Type[:=:]SUV[:os:]Product Name[:=:]Side Bars[:os:]FINISH[:=:]Black[:os:]MATERIAL[:=:]Stainless Steel[:os:]Shape[:=:]Round[:os:]Custom Order[:=:]RBP RX-3 Side Steps|images/rbp/side-steps/rbp-rx3-side-bar.jpg|images/rbp/side-steps/rbp-universal-rx3-side-bar-1.jpg|||images/rbp/side-steps/pdf/rbp-j0746-rx3-2-door-installation-instructions.pdf||534.24|10.00|98.00|22.00|79.00|||M|3
J0746-SS||N||Y|RBP®|359.40||R;R;R;R|RX-1|New ReDesigned RX 1 2-RUNG GLOSS POLISHED SS STEPS|RBP RX-1 Side Steps (New)|1|102000|Side Bars|{short description}|{detailed description}|2|Polished||2-Step|Round|Gloss|||Placement on Vehicle[:=:]Left, Right[:os:]Product Name[:=:]Side Bars[:os:]Pieces[:=:]2 Pcs[:os:]FINISH[:=:]Polished[:os:]MATERIAL[:=:]Stainless Steel[:os:]Shape[:=:]Round|images/rbp/side-steps/rbp-rx1-2step-side-bar-ss.jpg|images/rbp/side-steps/rbp-universal-rx1-2-steps-side-bar-1-ss.jpg|images/rbp/side-steps/rbp-universal-rx1-2-steps-side-bar-2-ss.jpg|images/rbp/side-steps/rbp-universal-rx1-2-steps-side-bar-3-ss.jpg|||402.53|10.50|61.00|13.50|52.00|||M|3
J0746-TXR||N||Y|RBP®|324.00||R;R;R;R|RX-1|RX-1 - 2 Step|RBP RX-1 Side Steps (New)|1|102000|Side Bars|{short description}|{detailed description}|1|Black||2-Step|Round|Textured|||Placement on Vehicle[:=:]Left, Right[:os:]Product Name[:=:]Side Bars[:os:]Pieces[:=:]2 Pcs[:os:]FINISH[:=:]Black[:os:]MATERIAL[:=:]Stainless Steel[:os:]Shape[:=:]Round|images/rbp/side-steps/rbp-rx1-2step-side-bar.jpg|images/rbp/side-steps/rbp-universal-rx1-2-steps-side-bar-1.jpg|images/rbp/side-steps/rbp-universal-rx1-2-steps-side-bar-2.jpg|images/rbp/side-steps/rbp-universal-rx1-2-steps-side-bar-3.jpg|images/rbp/side-steps/pdf/rbp-j0746-txr-installation-instructions.pdf||362.88|10.50|61.00|13.50|52.00|||M|3
J0764-GB||N||Y|RBP®|270.00||R;R;R;R|RX-1|New ReDesigned RX 1 2-RUNG GLOSS BLACK STEPS|RBP RX-1 Side Steps (New)|1|102000|Side Bars|{short description}|{detailed description}|1|Black||2-Step|Round|Gloss|||Placement on Vehicle[:=:]Left, Right[:os:]Product Name[:=:]Side Bars[:os:]Pieces[:=:]2 Pcs[:os:]FINISH[:=:]Black[:os:]MATERIAL[:=:]Stainless Steel[:os:]Shape[:=:]Round|images/rbp/side-steps/rbp-rx1-2step-side-bar.jpg|images/rbp/side-steps/rbp-universal-rx1-2-steps-side-bar-1.jpg|images/rbp/side-steps/rbp-universal-rx1-2-steps-side-bar-2.jpg|images/rbp/side-steps/rbp-universal-rx1-2-steps-side-bar-3.jpg|||302.40|10.50|80.00|13.50|52.00|||M|3
J0764-RS3||N||Y|RBP®|717.00||R;R;R;R|RX-3|RX3 STAINLESS STEEL Cab Length Step|RBP RX-3 Side Steps|3|2100|Side Bars|{short description}|{detailed description}||Polished|||Round||Cab Length|With Chrome Mesh|Placement on Vehicle[:=:]Left, Right[:os:]Vehicle Type[:=:]SUV[:os:]Product Name[:=:]Side Bars[:os:]FINISH[:=:]Polished[:os:]MATERIAL[:=:]Stainless Steel[:os:]Shape[:=:]Round[:os:]Custom Order[:=:]RBP RX-3 Side Steps|images/rbp/side-steps/j0764-rs3.jpg||||||803.04|10.00|98.00|22.00|79.00|||M|3
J0764-RX3||N||Y|RBP®|477.00||R;R;R;R|RX-3|RX3 Textured BLACK Cab Length Step|RBP RX-3 Side Steps|3|2100|Side Bars|{short description}|{detailed description}||Black|||Round|Textured|Cab Length||Placement on Vehicle[:=:]Left, Right[:os:]Vehicle Type[:=:]SUV[:os:]Product Name[:=:]Side Bars[:os:]FINISH[:=:]Black[:os:]MATERIAL[:=:]Stainless Steel[:os:]Shape[:=:]Round[:os:]Custom Order[:=:]RBP RX-3 Side Steps|images/rbp/side-steps/rbp-rx3-side-bar.jpg|images/rbp/side-steps/rbp-universal-rx3-side-bar-1.jpg|||||534.24|10.00|98.00|22.00|79.00|||M|3
J0764-SS||N||Y|RBP®|359.40||R;R;R;R|RX-1|New ReDesigned RX 1 2-RUNG GLOSS POLISHED SS STEPS|RBP RX-1 Side Steps (New)|1|102000|Side Bars|{short description}|{detailed description}|2|Polished||2-Step|Round|Gloss|||Placement on Vehicle[:=:]Left, Right[:os:]Product Name[:=:]Side Bars[:os:]Pieces[:=:]2 Pcs[:os:]FINISH[:=:]Polished[:os:]MATERIAL[:=:]Stainless Steel[:os:]Shape[:=:]Round|images/rbp/side-steps/rbp-rx1-2step-side-bar-ss.jpg|images/rbp/side-steps/rbp-universal-rx1-2-steps-side-bar-1-ss.jpg|images/rbp/side-steps/rbp-universal-rx1-2-steps-side-bar-2-ss.jpg|images/rbp/side-steps/rbp-universal-rx1-2-steps-side-bar-3-ss.jpg|||402.53|10.50|80.00|13.50|52.00|||M|3
J0764-TXR||N||Y|RBP®|324.00||R;R;R;R|RX-1|RX-1 - 2 Step|RBP RX-1 Side Steps (New)|1|102000|Side Bars|{short description}|{detailed description}|1|Black||2-Step|Round|Textured|||Placement on Vehicle[:=:]Left, Right[:os:]Product Name[:=:]Side Bars[:os:]Pieces[:=:]2 Pcs[:os:]FINISH[:=:]Black[:os:]MATERIAL[:=:]Stainless Steel[:os:]Shape[:=:]Round|images/rbp/side-steps/rbp-rx1-2step-side-bar.jpg|images/rbp/side-steps/rbp-universal-rx1-2-steps-side-bar-1.jpg|images/rbp/side-steps/rbp-universal-rx1-2-steps-side-bar-2.jpg|images/rbp/side-steps/rbp-universal-rx1-2-steps-side-bar-3.jpg|images/rbp/side-steps/pdf/rbp-j0764-txr-installation-instructions.pdf||362.88|10.50|80.00|13.50|52.00|||M|3
J1246-GB||N||Y|RBP®|270.00||R;R;R;R|RX-1|New ReDesigned RX 1 2-RUNG GLOSS BLACK STEPS|RBP RX-1 Side Steps (New)|1|102000|Side Bars|{short description}|{detailed description}|1|Black||2-Step|Round|Gloss|||Placement on Vehicle[:=:]Left, Right[:os:]Product Name[:=:]Side Bars[:os:]Pieces[:=:]2 Pcs[:os:]FINISH[:=:]Black[:os:]MATERIAL[:=:]Stainless Steel[:os:]Shape[:=:]Round|images/rbp/side-steps/rbp-rx1-2step-side-bar.jpg|images/rbp/side-steps/rbp-universal-rx1-2-steps-side-bar-1.jpg|images/rbp/side-steps/rbp-universal-rx1-2-steps-side-bar-2.jpg|images/rbp/side-steps/rbp-universal-rx1-2-steps-side-bar-3.jpg|||302.40|10.50|61.00|13.50|52.00|||M|3
J1246-SS||N||Y|RBP®|359.40||R;R;R;R|RX-1|New ReDesigned RX 1 2-RUNG GLOSS POLISHED SS STEPS|RBP RX-1 Side Steps (New)|1|102000|Side Bars|{short description}|{detailed description}|2|Polished||2-Step|Round|Gloss|||Placement on Vehicle[:=:]Left, Right[:os:]Product Name[:=:]Side Bars[:os:]Pieces[:=:]2 Pcs[:os:]FINISH[:=:]Polished[:os:]MATERIAL[:=:]Stainless Steel[:os:]Shape[:=:]Round|images/rbp/side-steps/rbp-rx1-2step-side-bar-ss.jpg|images/rbp/side-steps/rbp-universal-rx1-2-steps-side-bar-1-ss.jpg|images/rbp/side-steps/rbp-universal-rx1-2-steps-side-bar-2-ss.jpg|images/rbp/side-steps/rbp-universal-rx1-2-steps-side-bar-3-ss.jpg|||402.53|10.50|61.00|13.50|52.00|||M|3
J1246-TXR||N||Y|RBP®|324.00||R;R;R;R|RX-1|RX-1 - 2 Step|RBP RX-1 Side Steps (New)|1|102000|Side Bars|{short description}|{detailed description}|1|Black||2-Step|Round|Textured|||Placement on Vehicle[:=:]Left, Right[:os:]Product Name[:=:]Side Bars[:os:]Pieces[:=:]2 Pcs[:os:]FINISH[:=:]Black[:os:]MATERIAL[:=:]Stainless Steel[:os:]Shape[:=:]Round|images/rbp/side-steps/rbp-rx1-2step-side-bar.jpg|images/rbp/side-steps/rbp-universal-rx1-2-steps-side-bar-1.jpg|images/rbp/side-steps/rbp-universal-rx1-2-steps-side-bar-2.jpg|images/rbp/side-steps/rbp-universal-rx1-2-steps-side-bar-3.jpg|images/rbp/side-steps/pdf/rbp-j0746-txr-installation-instructions.pdf||362.88|10.50|61.00|13.50|52.00|||M|3
J9746-RX3||N||Y|RBP®|477.00||R;R;R;R|RX-3|RX3 Textured BLACK Cab Length Step|RBP RX-3 Side Steps|3|2100|Side Bars|{short description}|{detailed description}||Black|||Round|Textured|Cab Length||Placement on Vehicle[:=:]Left, Right[:os:]Vehicle Type[:=:]SUV[:os:]Product Name[:=:]Side Bars[:os:]FINISH[:=:]Black[:os:]MATERIAL[:=:]Stainless Steel[:os:]Shape[:=:]Round[:os:]Custom Order[:=:]RBP RX-3 Side Steps|images/rbp/side-steps/rbp-rx3-side-bar.jpg|images/rbp/side-steps/rbp-universal-rx3-side-bar-1.jpg|||images/rbp/side-steps/pdf/rbp-j0746-rx3-2-door-installation-instructions.pdf||534.24|10.00|98.00|22.00|79.00|||M|3
N0482CC-GB||N||Y|RBP®|270.00||R;R;R;R|RX-1|New ReDesigned RX 1 2-RUNG GLOSS BLACK STEPS|RBP RX-1 Side Steps (New)|1|102000|Side Bars|{short description}|{detailed description}|1|Black||2-Step|Round|Gloss|||Placement on Vehicle[:=:]Left, Right[:os:]Product Name[:=:]Side Bars[:os:]Pieces[:=:]2 Pcs[:os:]FINISH[:=:]Black[:os:]MATERIAL[:=:]Stainless Steel[:os:]Shape[:=:]Round|images/rbp/side-steps/rbp-rx1-2step-side-bar.jpg|images/rbp/side-steps/rbp-universal-rx1-2-steps-side-bar-1.jpg|images/rbp/side-steps/rbp-universal-rx1-2-steps-side-bar-2.jpg|images/rbp/side-steps/rbp-universal-rx1-2-steps-side-bar-3.jpg|||302.40|10.50|99.00|13.50|86.00|||M|3
N0482CC-SS||N||Y|RBP®|359.40||R;R;R;R|RX-1|New ReDesigned RX 1 2-RUNG GLOSS POLISHED SS STEPS|RBP RX-1 Side Steps (New)|1|102000|Side Bars|{short description}|{detailed description}|2|Polished||2-Step|Round|Gloss|||Placement on Vehicle[:=:]Left, Right[:os:]Product Name[:=:]Side Bars[:os:]Pieces[:=:]2 Pcs[:os:]FINISH[:=:]Polished[:os:]MATERIAL[:=:]Stainless Steel[:os:]Shape[:=:]Round|images/rbp/side-steps/rbp-rx1-2step-side-bar-ss.jpg|images/rbp/side-steps/rbp-universal-rx1-2-steps-side-bar-1-ss.jpg|images/rbp/side-steps/rbp-universal-rx1-2-steps-side-bar-2-ss.jpg|images/rbp/side-steps/rbp-universal-rx1-2-steps-side-bar-3-ss.jpg|||402.53|10.50|99.00|13.50|86.00|||M|3
N0487CC-6-TXR||N|Y|Y|RBP®|405.00|Y|R;R;R;R|RX-1|RX-1 - 3 Step|RBP RX-1 Side Steps (New)|1|102000|Side Bars|{short description 1}|{detailed description 1}||Black||3-Step|Round|Textured|||Placement on Vehicle[:=:]Left, Right[:os:]Vehicle Type[:=:]Truck[:os:]Product Name[:=:]Side Bars[:os:]Pieces[:=:]3 Pcs[:os:]FINISH[:=:]Black[:os:]MATERIAL[:=:]Stainless Steel[:os:]Shape[:=:]Round|images/rbp/side-steps/rbp-rx1-3step-side-bar.jpg|images/rbp/side-steps/rbp-universal-rx1-3-steps-side-bar-1.jpg|images/rbp/side-steps/rbp-universal-rx1-2-steps-side-bar-2.jpg|images/rbp/side-steps/rbp-universal-rx1-2-steps-side-bar-3.jpg|||453.60|10.50|104.00|13.50|67.00|||M|3
N0487QC-6-TXR||N|Y|Y|RBP®|405.00|Y|R;R;R;R|RX-1|RX-1 - 3 Step|RBP RX-1 Side Steps (New)|1|102000|Side Bars|{short description 1}|{detailed description 1}||Black||3-Step|Round|Textured|||Placement on Vehicle[:=:]Left, Right[:os:]Vehicle Type[:=:]Truck[:os:]Product Name[:=:]Side Bars[:os:]Pieces[:=:]3 Pcs[:os:]FINISH[:=:]Black[:os:]MATERIAL[:=:]Stainless Steel[:os:]Shape[:=:]Round|images/rbp/side-steps/rbp-rx1-3step-side-bar.jpg|images/rbp/side-steps/rbp-universal-rx1-3-steps-side-bar-1.jpg|images/rbp/side-steps/rbp-universal-rx1-2-steps-side-bar-2.jpg|images/rbp/side-steps/rbp-universal-rx1-2-steps-side-bar-3.jpg|||453.60|10.50|104.00|13.50|66.00|||M|3
R1S1001||N||Y|RBP®|89.40||R;R;R;R|Rebel-1|Rebel 1 Step - Universal Cast Aluminum Black Hoop Step  with Custom RBP Step Plate|RBP Cast Aluminum Hoop Steps|7|165700|Hoop Step|{short description}|{detailed description}||Black|finish|||Cast Aluminum||with Custom RBP Step Plate|Placement on Vehicle[:=:]Left, Right[:os:]Product Name[:=:]Hoop Steps[:os:]MATERIAL[:=:]Aluminum[:os:]FINISH[:=:]Black[:os:]Series[:=:]Rebel-1|images/rbp/side-steps/r1s1001.jpg|||||images/info-images/color-samples/black_btn.jpg|100.13|5.00|12.00|11.00|5.00|||M|3
R1S1002||N||Y|RBP®|119.40||R;R;R;R|Rebel-1|Rebel 1 Step - Universal Cast Aluminum Chrome Hoop Step  with Custom RBP Step Plate|RBP Cast Aluminum Hoop Steps|7|165700|Hoop Step|{short description}|{detailed description}||Chrome|finish|||Cast Aluminum||with Custom RBP Step Plate|Placement on Vehicle[:=:]Left, Right[:os:]Product Name[:=:]Hoop Steps[:os:]MATERIAL[:=:]Aluminum[:os:]FINISH[:=:]Chrome[:os:]Series[:=:]Rebel-1|images/rbp/side-steps/r1s1002.jpg|||||images/info-images/color-samples/chrome_btn.jpg|133.73|5.00|12.00|11.00|5.00|||M|3
T0654FJ-GB||N||Y|RBP®|270.00||R;R;R;R|RX-1|New ReDesigned RX 1 2-RUNG GLOSS BLACK STEPS|RBP RX-1 Side Steps (New)|1|102000|Side Bars|{short description}|{detailed description}|1|Black||2-Step|Round|Gloss|||Placement on Vehicle[:=:]Left, Right[:os:]Product Name[:=:]Side Bars[:os:]Pieces[:=:]2 Pcs[:os:]FINISH[:=:]Black[:os:]MATERIAL[:=:]Stainless Steel[:os:]Shape[:=:]Round|images/rbp/side-steps/rbp-rx1-2step-side-bar.jpg|images/rbp/side-steps/rbp-universal-rx1-2-steps-side-bar-1.jpg|images/rbp/side-steps/rbp-universal-rx1-2-steps-side-bar-2.jpg|images/rbp/side-steps/rbp-universal-rx1-2-steps-side-bar-3.jpg|||302.40|10.50|61.00|13.50|52.00|||M|3
T0654FJ-SS||N||Y|RBP®|359.40||R;R;R;R|RX-1|New ReDesigned RX 1 2-RUNG GLOSS POLISHED SS STEPS|RBP RX-1 Side Steps (New)|1|102000|Side Bars|{short description}|{detailed description}|2|Polished||2-Step|Round|Gloss|||Placement on Vehicle[:=:]Left, Right[:os:]Product Name[:=:]Side Bars[:os:]Pieces[:=:]2 Pcs[:os:]FINISH[:=:]Polished[:os:]MATERIAL[:=:]Stainless Steel[:os:]Shape[:=:]Round|images/rbp/side-steps/rbp-rx1-2step-side-bar-ss.jpg|images/rbp/side-steps/rbp-universal-rx1-2-steps-side-bar-1-ss.jpg|images/rbp/side-steps/rbp-universal-rx1-2-steps-side-bar-2-ss.jpg|images/rbp/side-steps/rbp-universal-rx1-2-steps-side-bar-3-ss.jpg|||402.53|10.50|61.00|13.50|52.00|||M|3
T0678CC-GB||N||Y|RBP®|270.00||R;R;R;R|RX-1|New ReDesigned RX 1 2-RUNG GLOSS BLACK STEPS|RBP RX-1 Side Steps (New)|1|102000|Side Bars|{short description 3}|{detailed description}|1|Black||2-Step|Round|Gloss|||Placement on Vehicle[:=:]Left, Right[:os:]Product Name[:=:]Side Bars[:os:]Pieces[:=:]2 Pcs[:os:]FINISH[:=:]Black[:os:]MATERIAL[:=:]Stainless Steel[:os:]Shape[:=:]Round|images/rbp/side-steps/rbp-rx1-2step-side-bar.jpg|images/rbp/side-steps/rbp-universal-rx1-2-steps-side-bar-1.jpg|images/rbp/side-steps/rbp-universal-rx1-2-steps-side-bar-2.jpg|images/rbp/side-steps/rbp-universal-rx1-2-steps-side-bar-3.jpg|||302.40|10.50|87.00|13.50|67.00|||M|3
T0678CC-RX3||N||Y|RBP®|477.00||R;R;R;R|RX-3|RX3 Textured BLACK Cab Length Step|RBP RX-3 Side Steps|3|2100|Side Bars|{short description}|{detailed description}||Black|||Round|Textured|Cab Length||Placement on Vehicle[:=:]Left, Right[:os:]Vehicle Type[:=:]Truck[:os:]Product Name[:=:]Side Bars[:os:]FINISH[:=:]Black[:os:]MATERIAL[:=:]Stainless Steel[:os:]Shape[:=:]Round[:os:]Custom Order[:=:]RBP RX-3 Side Steps|images/rbp/side-steps/rbp-rx3-side-bar.jpg|images/rbp/side-steps/rbp-universal-rx3-side-bar-1.jpg|||||534.24|10.00|98.00|22.00|79.00|||M|3
T0678CC-SS||N||Y|RBP®|359.40||R;R;R;R|RX-1|New ReDesigned RX 1 2-RUNG GLOSS POLISHED SS STEPS|RBP RX-1 Side Steps (New)|1|102000|Side Bars|{short description 3}|{detailed description}|2|Polished||2-Step|Round|Gloss|||Placement on Vehicle[:=:]Left, Right[:os:]Product Name[:=:]Side Bars[:os:]Pieces[:=:]2 Pcs[:os:]FINISH[:=:]Polished[:os:]MATERIAL[:=:]Stainless Steel[:os:]Shape[:=:]Round|images/rbp/side-steps/rbp-rx1-2step-side-bar-ss.jpg|images/rbp/side-steps/rbp-universal-rx1-2-steps-side-bar-1-ss.jpg|images/rbp/side-steps/rbp-universal-rx1-2-steps-side-bar-2-ss.jpg|images/rbp/side-steps/rbp-universal-rx1-2-steps-side-bar-3-ss.jpg|||402.53|10.50|87.00|13.50|67.00|||M|3
T0678CC-TXR||N||Y|RBP®|324.00||R;R;R;R|RX-1|RX-1 - 2 Step|RBP RX-1 Side Steps (New)|1|102000|Side Bars|{short description 3}|{detailed description}|1|Black||2-Step|Round|Textured|||Placement on Vehicle[:=:]Left, Right[:os:]Product Name[:=:]Side Bars[:os:]Pieces[:=:]2 Pcs[:os:]FINISH[:=:]Black[:os:]MATERIAL[:=:]Stainless Steel[:os:]Shape[:=:]Round|images/rbp/side-steps/rbp-rx1-2step-side-bar.jpg|images/rbp/side-steps/rbp-universal-rx1-2-steps-side-bar-1.jpg|images/rbp/side-steps/rbp-universal-rx1-2-steps-side-bar-2.jpg|images/rbp/side-steps/rbp-universal-rx1-2-steps-side-bar-3.jpg|images/rbp/side-steps/pdf/rbp-t0678cc-txr-installation-instructions.pdf||362.88|10.50|87.00|13.50|67.00|||M|3
T0678QC-RX3||N||Y|RBP®|477.00||R;R;R;R|RX-3|RX3 Textured BLACK Cab Length Step|RBP RX-3 Side Steps|3|2100|Side Bars|{short description}|{detailed description}||Black|||Round|Textured|Cab Length||Placement on Vehicle[:=:]Left, Right[:os:]Vehicle Type[:=:]Truck[:os:]Product Name[:=:]Side Bars[:os:]FINISH[:=:]Black[:os:]MATERIAL[:=:]Stainless Steel[:os:]Shape[:=:]Round[:os:]Custom Order[:=:]RBP RX-3 Side Steps|images/rbp/side-steps/rbp-rx3-side-bar.jpg|images/rbp/side-steps/rbp-universal-rx3-side-bar-1.jpg|||||534.24|10.00|98.00|22.00|79.00|||M|3
T0678QC-TXR||N||Y|RBP®|324.00||R;R;R;R|RX-1|RX-1 - 2 Step|RBP RX-1 Side Steps (New)|1|102000|Side Bars|{short description 3}|{detailed description}|1|Black||2-Step|Round|Textured|||Placement on Vehicle[:=:]Left, Right[:os:]Product Name[:=:]Side Bars[:os:]Pieces[:=:]2 Pcs[:os:]FINISH[:=:]Black[:os:]MATERIAL[:=:]Stainless Steel[:os:]Shape[:=:]Round|images/rbp/side-steps/rbp-rx1-2step-side-bar.jpg|images/rbp/side-steps/rbp-universal-rx1-2-steps-side-bar-1.jpg|images/rbp/side-steps/rbp-universal-rx1-2-steps-side-bar-2.jpg|images/rbp/side-steps/rbp-universal-rx1-2-steps-side-bar-3.jpg|images/rbp/side-steps/pdf/rbp-t0678qc-txr-installation-instructions.pdf||362.88|10.50|87.00|13.50|47.00|||M|3
T0683QC-6-TXR||N|Y|Y|RBP®|405.00|Y|R;R;R;R|RX-1|RX-1 - 3 Step|RBP RX-1 Side Steps (New)|1|102000|Side Bars|{short description 1}|{detailed description 1}||Black||3-Step|Round|Textured|||Placement on Vehicle[:=:]Left, Right[:os:]Vehicle Type[:=:]Truck[:os:]Product Name[:=:]Side Bars[:os:]Pieces[:=:]3 Pcs[:os:]FINISH[:=:]Black[:os:]MATERIAL[:=:]Stainless Steel[:os:]Shape[:=:]Round|images/rbp/side-steps/rbp-rx1-3step-side-bar.jpg|images/rbp/side-steps/rbp-universal-rx1-3-steps-side-bar-1.jpg|images/rbp/side-steps/rbp-universal-rx1-2-steps-side-bar-2.jpg|images/rbp/side-steps/rbp-universal-rx1-2-steps-side-bar-3.jpg|||453.60|10.50|90.00|13.50|68.00|||M|3
T0690CC-6-TXR||N|Y|Y|RBP®|405.00|Y|R;R;R;R|RX-1|RX-1 - 3 Step|RBP RX-1 Side Steps (New)|1|102000|Side Bars|{short description 1}|{detailed description 1}||Black||3-Step|Round|Textured|||Placement on Vehicle[:=:]Left, Right[:os:]Vehicle Type[:=:]Truck[:os:]Product Name[:=:]Side Bars[:os:]Pieces[:=:]3 Pcs[:os:]FINISH[:=:]Black[:os:]MATERIAL[:=:]Stainless Steel[:os:]Shape[:=:]Round|images/rbp/side-steps/rbp-rx1-3step-side-bar.jpg|images/rbp/side-steps/rbp-universal-rx1-3-steps-side-bar-1.jpg|images/rbp/side-steps/rbp-universal-rx1-2-steps-side-bar-2.jpg|images/rbp/side-steps/rbp-universal-rx1-2-steps-side-bar-3.jpg|||453.60|10.50|95.00|13.50|69.00|||M|3
T0786CC-GB||N||Y|RBP®|269.40||R;R;R;R|RX-1|RX-1 - 2 Step|RBP RX-1 Side Steps (New)|1|102000|Side Bars|{short description}|{detailed description}|1|Black||2-Step|Round|Gloss|||Placement on Vehicle[:=:]Left, Right[:os:]Product Name[:=:]Side Bars[:os:]Pieces[:=:]2 Pcs[:os:]FINISH[:=:]Black[:os:]MATERIAL[:=:]Stainless Steel[:os:]Shape[:=:]Round|images/rbp/side-steps/rbp-rx1-2step-side-bar.jpg|images/rbp/side-steps/rbp-universal-rx1-2-steps-side-bar-1.jpg|images/rbp/side-steps/rbp-universal-rx1-2-steps-side-bar-2.jpg|images/rbp/side-steps/rbp-universal-rx1-2-steps-side-bar-3.jpg|||301.73|10.50|100.00|13.50|47.00|||M|3
T0786CC-RS3||N||Y|RBP®|717.00||R;R;R;R|RX-3|RX3 STAINLESS STEEL Cab Length Step|RBP RX-3 Side Steps|3|2100|Side Bars|{short description}|{detailed description}||Polished|||Round||Cab Length|With Chrome Mesh|Placement on Vehicle[:=:]Left, Right[:os:]Vehicle Type[:=:]Truck[:os:]Product Name[:=:]Side Bars[:os:]FINISH[:=:]Polished[:os:]MATERIAL[:=:]Stainless Steel[:os:]Shape[:=:]Round[:os:]Custom Order[:=:]RBP RX-3 Side Steps|images/rbp/side-steps/t0786cc-rs3.jpg||||||803.04|10.00|98.00|22.00|79.00|||M|3
T0786CC-RX3||N||Y|RBP®|477.00||R;R;R;R|RX-3|RX3 Textured BLACK Cab Length Step|RBP RX-3 Side Steps|3|2100|Side Bars|{short description}|{detailed description}||Black|||Round|Textured|Cab Length||Placement on Vehicle[:=:]Left, Right[:os:]Vehicle Type[:=:]Truck[:os:]Product Name[:=:]Side Bars[:os:]FINISH[:=:]Black[:os:]MATERIAL[:=:]Stainless Steel[:os:]Shape[:=:]Round[:os:]Custom Order[:=:]RBP RX-3 Side Steps|images/rbp/side-steps/rbp-rx3-side-bar.jpg|images/rbp/side-steps/rbp-universal-rx3-side-bar-1.jpg|||||534.24|10.00|98.00|22.00|79.00|||M|3
T0786CC-SS||N||Y|RBP®|359.40||R;R;R;R|RX-1|RX-1 - 2 Step|RBP RX-1 Side Steps (New)|1|102000|Side Bars|{short description}|{detailed description}|2|Polished||2-Step|Round||||Placement on Vehicle[:=:]Left, Right[:os:]Product Name[:=:]Side Bars[:os:]Pieces[:=:]2 Pcs[:os:]FINISH[:=:]Polished[:os:]MATERIAL[:=:]Stainless Steel[:os:]Shape[:=:]Round|images/rbp/side-steps/rbp-rx1-2step-side-bar-ss.jpg|images/rbp/side-steps/rbp-universal-rx1-2-steps-side-bar-1-ss.jpg|images/rbp/side-steps/rbp-universal-rx1-2-steps-side-bar-2-ss.jpg|images/rbp/side-steps/rbp-universal-rx1-2-steps-side-bar-3-ss.jpg|||402.53|10.50|100.00|13.50|47.00|||M|3
T0786CC-TXR||N||Y|RBP®|324.00||R;R;R;R|RX-1|RX-1 - 2 Step|RBP RX-1 Side Steps (New)|1|102000|Side Bars|{short description}|{detailed description}|1|Black||2-Step|Round|Textured|||Placement on Vehicle[:=:]Left, Right[:os:]Product Name[:=:]Side Bars[:os:]Pieces[:=:]2 Pcs[:os:]FINISH[:=:]Black[:os:]MATERIAL[:=:]Stainless Steel[:os:]Shape[:=:]Round|images/rbp/side-steps/rbp-rx1-2step-side-bar.jpg|images/rbp/side-steps/rbp-universal-rx1-2-steps-side-bar-1.jpg|images/rbp/side-steps/rbp-universal-rx1-2-steps-side-bar-2.jpg|images/rbp/side-steps/rbp-universal-rx1-2-steps-side-bar-3.jpg|images/rbp/side-steps/pdf/rbp-t0786cc-txr-installation-instructions.pdf||362.88|10.50|100.00|13.50|47.00|||M|3
T0786QC-GB||N||Y|RBP®|270.00||R;R;R;R|RX-1|New ReDesigned RX 1 2-RUNG GLOSS BLACK STEPS|RBP RX-1 Side Steps (New)|1|102000|Side Bars|{short description}|{detailed description}|1|Black||2-Step|Round|Gloss|||Placement on Vehicle[:=:]Left, Right[:os:]Product Name[:=:]Side Bars[:os:]Pieces[:=:]2 Pcs[:os:]FINISH[:=:]Black[:os:]MATERIAL[:=:]Stainless Steel[:os:]Shape[:=:]Round|images/rbp/side-steps/rbp-rx1-2step-side-bar.jpg|images/rbp/side-steps/rbp-universal-rx1-2-steps-side-bar-1.jpg|images/rbp/side-steps/rbp-universal-rx1-2-steps-side-bar-2.jpg|images/rbp/side-steps/rbp-universal-rx1-2-steps-side-bar-3.jpg|||302.40|10.50|100.00|13.50|47.00|||M|3
T0786QC-SS||N||Y|RBP®|359.40||R;R;R;R|RX-1|New ReDesigned RX 1 2-RUNG GLOSS POLISHED SS STEPS|RBP RX-1 Side Steps (New)|1|102000|Side Bars|{short description}|{detailed description}|2|Polished||2-Step|Round|Gloss|||Placement on Vehicle[:=:]Left, Right[:os:]Product Name[:=:]Side Bars[:os:]Pieces[:=:]2 Pcs[:os:]FINISH[:=:]Polished[:os:]MATERIAL[:=:]Stainless Steel[:os:]Shape[:=:]Round|images/rbp/side-steps/rbp-rx1-2step-side-bar-ss.jpg|images/rbp/side-steps/rbp-universal-rx1-2-steps-side-bar-1-ss.jpg|images/rbp/side-steps/rbp-universal-rx1-2-steps-side-bar-2-ss.jpg|images/rbp/side-steps/rbp-universal-rx1-2-steps-side-bar-3-ss.jpg|||402.53|10.50|100.00|13.50|47.00|||M|3
T0786QC-TXR||N||Y|RBP®|324.00||R;R;R;R|RX-1|RX-1 - 2 Step|RBP RX-1 Side Steps (New)|1|102000|Side Bars|{short description}|{detailed description}|1|Black||2-Step|Round|Textured|||Placement on Vehicle[:=:]Left, Right[:os:]Product Name[:=:]Side Bars[:os:]Pieces[:=:]2 Pcs[:os:]FINISH[:=:]Black[:os:]MATERIAL[:=:]Stainless Steel[:os:]Shape[:=:]Round|images/rbp/side-steps/rbp-rx1-2step-side-bar.jpg|images/rbp/side-steps/rbp-universal-rx1-2-steps-side-bar-1.jpg|images/rbp/side-steps/rbp-universal-rx1-2-steps-side-bar-2.jpg|images/rbp/side-steps/rbp-universal-rx1-2-steps-side-bar-3.jpg|images/rbp/side-steps/pdf/rbp-t0786qc-txr-installation-instructions.pdf||362.88|10.50|100.00|13.50|47.00|||M|3
T0792QC-6-TXR||N|Y|Y|RBP®|405.00|Y|R;R;R;R|RX-1|RX-1 - 3 Step|RBP RX-1 Side Steps (New)|1|102000|Side Bars|{short description 1}|{detailed description 1}||Black||3-Step|Round|Textured|||Placement on Vehicle[:=:]Left, Right[:os:]Vehicle Type[:=:]Truck[:os:]Product Name[:=:]Side Bars[:os:]Pieces[:=:]3 Pcs[:os:]FINISH[:=:]Black[:os:]MATERIAL[:=:]Stainless Steel[:os:]Shape[:=:]Round|images/rbp/side-steps/rbp-rx1-3step-side-bar.jpg|images/rbp/side-steps/rbp-universal-rx1-3-steps-side-bar-1.jpg|images/rbp/side-steps/rbp-universal-rx1-2-steps-side-bar-2.jpg|images/rbp/side-steps/rbp-universal-rx1-2-steps-side-bar-3.jpg|images/rbp/side-steps/pdf/rbp-t0792qc-6-txr-installation-instructions.pdf||453.60|10.50|104.00|13.50|70.00|||M|3
T0798CC-6-TXR||N|Y|Y|RBP®|405.00|Y|R;R;R;R|RX-1|RX-1 - 3 Step|RBP RX-1 Side Steps (New)|1|102000|Side Bars|{short description 1}|{detailed description 1}||Black||3-Step|Round|Textured|||Placement on Vehicle[:=:]Left, Right[:os:]Vehicle Type[:=:]Truck[:os:]Product Name[:=:]Side Bars[:os:]Pieces[:=:]3 Pcs[:os:]FINISH[:=:]Black[:os:]MATERIAL[:=:]Stainless Steel[:os:]Shape[:=:]Round|images/rbp/side-steps/rbp-rx1-3step-side-bar.jpg|images/rbp/side-steps/rbp-universal-rx1-3-steps-side-bar-1.jpg|images/rbp/side-steps/rbp-universal-rx1-2-steps-side-bar-2.jpg|images/rbp/side-steps/rbp-universal-rx1-2-steps-side-bar-3.jpg|||453.60|10.50|104.00|13.50|71.00|||M|3